0.8466595809375841,1.228479001299771,0.6582515503159464,0.1764273305169441,0.9635197716065194,1.377758996022932,0.4897413245421902,0.5530556594920287,0.2883765186175676,1.026976629092079,0.7149580770445547,1.148620605953696,1.096745689460546,1.269310143560847,1.1798543642722,0.7771847743756503,0.5927383212556401,0.537307161486802,0.8488706516975495,0.4706767406432755,-0.1765794967077555,0.7694938582886497,-0.07392804749657902,1.567235683371972,1.186514008465554,1.026041226193276,1.009570103472988,0.8395041529312375,0.7278977441040263,0.7121753568401918,0.7281798143648208,0.8671639126782918,0.9125657580289105,0.7790881191923769,0.5392052652968178,-0.1552560193230607,0.4987986689127549,0.4774682480442142,0.3118885953980483,1.009076179823324,0.5566279049439978,0.7695142452874447,1.444981830489026,0.8964769962969682,0.7573305299469746,1.112473582165136,0.3998812914302541,-0.08955603535030283,1.261557639641387,1.238700713196061,0.8587671875327677,0.1048282358622913,1.32671190460734,0.5711820996259019,-0.03505213556258107,1.482187362532905,0.708365363049559,0.7645531887558372,1.370495189939954,1.137496713953889,1.020264290008695,0.8832584170328758,0.7928348484482454,0.6188059800365179,0.8526808855990364,1.233584970431023,0.05294875671051729,1.201235787037929,0.7898742330681364,1.2909486812757,0.8965131264101025,1.129830340982659,1.382632992761916,0.4147828486852063,1.410721605265197,0.8032901954822984,0.5271908470376576,0.7614068133568593,1.261558903707384,1.051547554130462,0.8180362057351158,0.5783161196246616,0.957246924353228
2.826696705155301,2.203508995358576,2.096500116718917,1.529542383617235,1.223599982078194,2.15626072964449,2.806613507684861,2.234700861974529,2.567805179707626,2.336285291874186,2.330342430352989,1.337239595237959,1.777382472244821,0.895112790132516,1.983443055902919,1.640855901231597,1.531057536215363,2.232336094411098,2.119486468750948,2.224136415520983,2.628552329145267,2.201372411458084,1.616886433234524,1.654982848932839,2.122112461570921,1.824178928442667,1.56193086759087,2.516086083127457,2.371809472365608,1.506258882526414,2.813925408127285,0.9686037087298605,2.266861701505547,1.100223737444256,2.643171715053861,1.990223448789521,2.193956615524313,1.402924897350349,3.47674918085738,1.537827958377957,2.979996307392952,1.218421550777792,0.9605029357631327,1.824661846718134,2.352162778964685,2.364624481870703,2.368633581756248,2.827595027082933,1.340721587621639,0.667752108412194,1.904886734197356,2.553006994214936,1.692710001174032,1.440062955900006,2.058511427437917,2.204683710210547,0.6056965416385065,1.290281072901474,2.94697474003156,1.290601114296165,2.34170629872882,1.701590004126957,2.376021460330976,1.874440392433947,1.512641361937342,2.255009806195259,1.669400945262145,1.26261547245164,1.86858890393208,1.422949184185098,2.379562151465334,1.593216297101233,2.633891841258285,2.149146354166814,0.7819607075825541,2.598852566377818,1.688760926815861,1.797640805503931,0.1183182965972502,1.878206027599937,2.570132646750369,2.236509301790798,2.271745378585637
1.56149482883427,2.122969506246465,2.237732499595846,1.819903060831115,2.045672417764394,2.373295391765029,1.875491976257371,2.042925943082476,2.398670476014463,1.598910630325894,0.6620130146595898,1.635489416175997,1.860034101183981,2.147039933805882,1.182960739545445,1.145575004131997,2.330802773261962,2.258295738292081,2.620367991197004,2.725457070746944,1.88955100146731,2.396802926437527,2.200062413887909,2.174265359225631,2.291949417839888,2.847876546368654,1.565752661837531,2.075037128968851,2.597417684648106,1.008673591765198,2.215530286096121,2.204651243560651,1.779813699419121,1.491849046487757,1.069118015273357,2.352332412752987,1.727487927545221,1.093563228739484,2.77654930945492,2.035009541061009,2.76814956658355,2.157230935354016,1.170912309347112,1.930127571531296,1.846048189691619,2.489489166291424,1.880593778175015,2.279980960845233,1.577656759216958,1.536575637356626,2.30253511982651,2.948835887379535,1.847869435075365,2.85918229699759,0.9420100370087739,2.898327988130275,1.728083519515406,2.060033959465903,2.548324374202575,2.150204430520575,2.869301870343306,2.162756979978056,2.539841124528862,1.407303870612493,2.181340187829262,2.436034521934736,2.264745241406259,2.509154268142642,1.705001547049134,2.124088007973366,1.481538160073263,1.079249633435008,2.097066274973788,2.388699805181191,2.338556063275646,1.859264311550955,1.312760462211334,1.5135256162232,2.300491197571282,1.910955796396697,1.856331948693872,2.156039580944919,1.944415333252541
0.009776454271178715,0.562923549751071,1.621828897803913,1.688546005607932,2.808962782152614,1.083897005249086,1.424475258437657,2.187289787626205,1.89730622823655,-0.6867762716522424,0.2313865447111461,1.367840578813575,0.02040276378850484,2.032110164890483,-0.5322631722874884,1.986083047681048,2.355257054647031,1.15771156260632,1.870347009177233,1.729478468467808,1.15684441695067,0.9151081511840854,1.667092249182474,1.844117440789925,1.111846845162762,2.683874315099056,1.858671971429412,1.647424903804179,0.6708920916292713,0.6653634548481983,-0.1949699036695617,1.610757144204904,-0.3074269485503731,2.268231382656089,-0.2459456823971477,2.63735147440137,1.090387143040169,0.6926881619315123,2.526118293221955,0.5813938387697584,2.626574033724585,1.378397282821902,1.976769315886873,0.9017605791956352,0.3072569180708158,2.387722071294936,1.833555001814439,2.002867200169857,1.732777927931384,0.822268429795265,0.8000678103148321,3.119566762778501,0.8562051108890343,2.893079678682146,0.2074616311902761,2.327507442184035,1.275299243437642,2.362148513995868,1.771665481632267,1.499162511148908,1.182053944679287,1.589618218794173,0.7061244087114171,0.7937317719642687,1.515319364431923,2.871175319057797,1.539469319845288,1.436023916289989,1.671266039780884,2.22439290026355,0.5379482987897748,-0.1903565121163473,1.518800466422676,1.062785885007606,0.8618181717734272,1.109778086419197,0.6197578793563973,0.5088491798187392,2.68551947916175,0.8480365025704932,0.2896389640602753,1.00803050607678,1.198158186414399
2.940325464612065,2.735409394090369,1.259866759595225,1.598946116003297,1.969726328718922,1.952620757423234,1.815121905057885,1.130698824906292,1.926268296297814,2.362402656897409,1.450367234282625,1.821388777850012,2.291258742328175,1.630294500240798,2.01749250303305,2.653540478217003,3.324861557313869,1.551614552016088,2.036378158590007,2.927430737971005,2.509688834545926,2.379210852355097,2.565171273468122,1.257202165960484,2.185939097653899,1.937658416902005,0.880268035186731,3.170784949252817,3.007301372094387,2.638233946922512,2.229674453666445,1.532136695668727,2.679919675753753,2.48562411507719,2.286629787576079,1.570450739187623,1.274934396129816,1.004220305344502,2.726221270424933,1.78173164219496,2.32757639736002,1.361228259343502,1.304973860399687,1.42954391530279,3.255255293045579,2.13142884968392,1.346266307802743,1.799327069584612,1.96807992973822,2.060610984022814,1.374316654386188,2.414637970785384,1.992479783399056,2.632659024034325,1.361674778797109,2.978228922482976,2.264034457609293,2.140972874664641,2.284696999662153,2.56279237823889,2.795374639521543,1.386528955194591,2.197765597728412,1.96912161940993,2.959198865042322,1.500375092889635,1.246269043986893,1.958852021680258,1.386899488226248,1.502630880917478,2.333829060992628,2.307669768455893,2.600119618212746,1.752839463480634,2.502294627218615,2.286913386589435,1.385504928452836,2.62668060266665,1.635065153758074,0.9607718143497691,2.016457057283858,1.759229995657574,1.498730334885832
1.907287779612551,0.6092698100082885,1.811210766095,2.064678891427246,1.102621489202234,1.821895879738585,1.92356136286117,1.140318060195517,2.010503771608453,2.060241194194703,2.186892545527225,0.74684754220552,2.027343929850557,1.847216719203477,1.512165522649141,1.327055117571747,2.101854871789942,1.269860930634529,2.808769176891182,0.8198761913042326,1.97036203600371,1.103430375539416,1.840307554849062,1.637257261282221,1.556344976019329,0.5582434264784136,1.066599708140079,2.579714493266152,2.846664870602027,1.397612911045844,1.624439959022984,1.785850373137179,2.907194742535766,1.68046751642211,2.646016779621564,1.014725820155818,2.206644135413218,2.360717051357108,0.9590650601972476,0.998733147949003,0.5692707009789492,1.041905538547195,1.184889794063243,2.085709413894297,2.181518167095724,-0.2066633307577867,1.462228639866811,1.845329312270872,1.725656741274579,1.974349784922706,1.717727699286985,0.8550811210251902,1.394198406152394,0.6108505870219995,2.105769980432166,1.639875731520496,2.085506024889687,1.430724152797789,1.602240189287936,0.5574830690481125,2.703526939181831,0.8212982996448324,1.553251586522752,1.526243134357321,1.568200171543599,1.113173773610242,2.436704913166842,1.366244975351921,1.83696556403298,1.89210442819107,1.258328178343705,2.225092866127842,2.095817855702431,1.52469970432017,0.9100216078695085,1.831030699832747,1.532899626929515,1.809732885702565,0.4767793389387385,1.288316051902728,2.537624386315104,2.792089507934342,1.781159510342713
1.491086564565083,1.412545571423914,0.6296810810296948,1.602465974201245,0.8606514064186682,1.437658272419622,0.6719850425210454,1.060134124422848,1.542679895053867,1.59394058229812,0.3396012667397468,1.255371051086617,1.352171704095218,1.354256462446124,1.152047159576541,1.738062722095157,0.8576886028395739,1.599557626824035,1.252788346494206,0.7089557941558152,1.383169059968998,1.125765810394145,1.700466173966588,0.8240419086429993,1.848041842450696,1.591165793118363,1.937406869771718,0.6405956450958259,1.762599247413394,2.09034469915107,1.49642902173975,0.9142381755056708,2.269232218446629,1.447211140096582,1.655543611811654,1.656664420787872,0.8217504496386274,1.660777275325589,1.635068024666625,1.67796935044802,0.994909597820848,1.541022166486802,1.849721504297953,0.8858192417608042,1.55710852157093,1.198990193261793,0.6130507000644043,0.9286066774214637,0.3070290658724658,1.410294265934526,1.473095658272689,1.033983284374731,1.886101078865721,1.334634290288554,2.10378987276109,1.620776498352326,1.343266184966417,0.9356693697887193,1.008161825078171,1.600419642919239,1.855460574170683,1.784120928525335,1.282299835619503,0.9307847603861578,1.597301438593589,0.501159578944389,0.8417719850509219,1.020567079658664,0.8338625750563123,0.7563625721966549,1.946709858120149,2.045207780677003,1.43554838344973,1.216040761849408,1.704514666725575,1.8331357860308,1.5681362725663,1.574956658175183,1.567978101623401,1.120580912233351,1.178320306770149,1.165286884524462,1.657147300805385
0.4782499860837137,0.4689017982717937,1.442380528355584,1.435564816357967,1.612041426580335,2.024286890186088,1.588985051247337,2.315255788533614,0.9897843735172701,0.8057392017541785,0.5323413320587193,1.020709896079333,1.835135226613104,1.897857851378266,0.5899529742914396,0.01899282834506895,0.4167959887640513,2.25475859362932,0.7095727413776834,1.376037881115047,0.7125948864082919,1.01558905516315,1.811770076247354,1.754166961160208,1.563786553366455,1.694023944443789,1.936854153425921,0.8912639475000405,1.427099778288134,0.7546629918247392,1.688802194098277,2.525543969866964,1.02913530283856,0.9688903263230464,0.694436314417085,2.335621460500039,1.324584561631971,2.057894964970024,1.110311472209082,2.236950142529674,1.155318732371351,2.488602482071688,1.732258444762034,1.231302457734716,1.266100050160134,0.8174757886184247,1.168477014967505,1.816827037356642,0.6466510444206958,2.100602439939998,1.575873127855406,1.579708526948256,1.865973685763859,1.477696059904336,1.518703859366901,1.442996922317407,1.176891328855563,0.9594810957066467,1.710367961220575,1.116582660913891,1.200033646372525,1.666300786031487,1.558440484450111,1.149026337160278,0.8358106643501464,0.9500254155818052,1.607200263208522,1.387938154039807,1.139114002708284,1.369542798979225,1.325711872999759,1.087236311829079,1.311800296336781,2.376611452769776,1.801554367256733,1.297114268184897,1.442495954261558,0.9106390452919427,1.20757423570901,2.108785311857242,0.9882976788692897,1.459975370103793,1.641059099774352
0.9743523786416151,0.8739166583449344,0.3681864307030048,-0.1022190689536042,0.4381093938999593,1.124339592542142,1.343567460292674,0.4543574362617293,0.6361435039032558,1.995408916221858,0.9630247776446527,1.668302785251195,2.370732227653667,0.6817263351312052,1.72873351727813,0.6628309558669789,-0.1441594931036251,0.4887863308440808,0.4079970568865499,1.519633794883951,1.420016616141817,1.257215936081706,0.6549900556069274,0.06905715783425254,0.9808888547285023,0.6347783321892601,1.539600075096913,0.8557262592926139,0.7637916712197274,0.8180409316178415,1.491816531023659,1.488531504851675,0.8943790314291745,1.191462984239378,1.626212377802364,0.6775875899852275,0.4033052717205892,1.558363454822736,1.306542301776344,1.795038452348723,0.4241365672662249,0.5061723824304296,0.8155773243748505,0.3482577046186894,1.554701143006009,0.3434145716472654,0.5109096783616546,0.7068711732204463,0.04386863178856181,1.380246891347302,1.300243194845123,0.7922068855363064,1.263931346489936,0.805705003809335,2.286795579525647,0.690418011755435,1.328425681615887,0.1178844949350693,1.145318259116368,1.722615236649669,0.9738505973603503,0.5009742425655087,1.259421350081179,1.486302373286877,1.371577923736258,1.002648565952479,0.3217583184651573,1.076008574988544,1.470575785813007,0.4899399350111101,1.06328917396737,2.446690196324135,0.6464041413609565,0.2866622709165402,0.3536143049612816,0.9523465804716712,1.208292033826312,0.8277828640919471,-0.1201661385759405,0.9883791491659287,1.448122948319691,1.690107053681414,0.448525181886393
-0.05652548709435653,1.051634352755304,0.6059623482829052,1.165701949524573,1.354695701920561,0.3754027214269264,1.864471938174048,1.109097608484239,2.223810656340513,1.464270867985529,1.19613132149195,1.372727892093222,1.395341538292188,1.129684272195777,0.566524632795417,0.7929162618249121,1.186179298558976,1.576423724005706,1.369792033156314,0.7238568715660111,1.41452808544851,1.039934040626593,1.625474492030582,1.117496531983136,1.280428604305494,1.812773962967585,1.911842678775635,0.6941003460791614,0.9446720545212611,0.6354914966029394,1.635808112498127,-0.1519129156491879,0.9240231364482915,0.9075686410305933,0.3823186406911603,1.648962750418617,1.245718984113849,0.9344552616785124,1.658447759558393,1.421827909882648,1.400520907795996,0.4238684703014201,1.317177277372394,1.383007507631222,0.9670756051981316,0.9260245437349823,1.876578139767521,0.9821674893460162,0.7929439527731404,0.3732435924230815,1.422075338983132,0.6759416736549875,1.890078290128217,1.174551135226576,1.54150648945485,0.7378454103192993,1.658180401783975,0.9743460088447515,0.6832500562682435,0.4943771344623878,1.709752319915796,1.68830201428385,0.962359296871996,0.3685690387426064,0.6246372010840098,1.752772689685567,1.181602953285554,1.15391530467465,0.5779855664266823,1.348890548123187,0.6534968089882265,1.040719019535268,0.8521996079384188,1.017761004838835,0.7539459818681038,1.179755807519353,1.175547424798942,0.8624788999388504,1.117753386555796,1.402145299651429,0.3995982661428879,1.038515906886521,1.498008465297492
0.8824573406205127,1.002175345475599,0.0567671222501473,-0.2131442025494826,1.547306927393326,-0.3905794504562793,0.553447326083977,1.09720268247406,-0.05991452450553992,1.905409890475155,1.005749989721614,1.980008631327361,1.06493746482582,2.18275791574681,0.7566442441446533,1.472915002234141,0.5519310559115399,1.021182633614691,-0.6998085342497689,1.164225961266888,0.035992420000697,0.631239384973949,0.65052377793185,1.929663140969856,0.341300270159539,1.245200404188291,1.903129819497613,0.5093870666759239,0.3816468291952143,1.128282513224375,1.005213852212537,1.400114845624741,-0.4703159575610313,2.023457967746983,0.5597802878177313,1.209682564060846,-0.03876819626119925,0.8916525051675598,0.7065619332179743,1.439538994205504,0.4135632465262709,1.14100489465237,1.792829609036026,0.9949007316912573,1.074087594625967,0.9327848749711016,1.392487996402973,-0.4876723346511181,-0.06382463286598794,1.030062761935187,0.6662865749654666,0.6804309713703831,2.021527985237324,1.17595438295048,0.4682992918889117,-0.3891536880463918,1.564865398271672,1.22467009846069,1.464428597440515,1.534164010573592,-0.3137936155791555,1.53629955154096,0.3066130581064188,1.710132874201737,0.5762082659173949,2.120810843301663,0.09454573251718672,2.003904192517792,0.2398738079978089,1.451283437879285,1.952931823828661,1.743935945018599,0.4840688155546938,0.4073515047675785,1.649008218898067,-0.04827089572317478,0.3815179962005291,1.085913549503255,1.006944384384781,0.6484200519266753,0.6995921564820519,-0.09223394576458348,1.210943654865687
3.406929487366167,2.711670034482379,2.570357989908506,1.964493484935252,1.11207456029657,2.329085476980235,2.606272902026784,2.398716737167949,2.377086615003142,2.459616567885759,3.004953810493947,1.832602700855424,2.50821285143802,1.458069296567123,2.809669495238247,1.552566647510192,2.57486508894688,1.996424146655408,2.935147612816007,2.268469165319101,2.632237479450731,3.031542328480917,2.655246502164798,1.557371624493814,3.160937068667232,2.649462640256495,1.718870078491908,2.832640618665476,3.21943259298894,2.337291340585526,2.488233566670575,1.736951113466683,3.653436525027374,1.0498997473058,3.638482854775817,1.435656515487727,3.138005318796401,1.503368019820247,2.678960163119924,2.192104127812999,2.84485068495846,1.538123452059012,2.155321314738257,1.95420669027074,3.080591145918817,2.877441751519045,1.763054738772033,3.200406722104619,2.230392860155844,1.923714359430432,2.891178692328263,3.722659419552686,1.944495576271132,1.846694194633354,1.822501673710898,2.921226198884202,1.806109976636505,1.478146531448205,2.109963079185125,2.463566376764291,3.380838899187674,1.877430145584571,3.169338878810552,2.431295056772516,2.787000505221651,1.793642766686485,2.346299290612199,1.68410878738757,3.081137367056147,1.588766586010746,2.127372227311108,2.158355686462237,3.582072754505848,3.091245984145915,1.672000621108094,2.830431420467809,2.439496639222545,2.080955515260811,1.336852731645539,2.01750894444509,3.642281319154542,3.100986558603203,2.515379168765373
1.577560738600843,2.811231529758806,2.495537240399313,3.098956755032336,1.698653951426493,2.087101072945774,3.177360083566584,3.154014496071817,2.887296081028147,1.931129708648322,1.973549927524704,2.361796343941672,2.569513325590904,0.8482553175578825,1.718133325732702,2.214404125190863,1.716811602226906,1.577695185914344,2.125965587689038,2.472943910598215,2.181839688068861,2.49671595721548,2.748447995699629,0.9715895024923266,3.218879448786439,2.599282394420626,1.947068432148203,1.619624955252194,1.966908286720916,2.639029695499992,2.358089229686065,1.534850712964031,2.976965616358406,1.595888161370976,2.253529701900433,1.639752799384773,3.188168307839552,2.208339816302213,2.777090133322719,2.511839483169501,3.059097756670357,1.329135006499458,2.143818407957186,1.88962602293221,3.281973519624088,3.050451915499747,3.023267932432003,2.87048046569503,2.565547889136114,1.827876111526181,2.2462481195507,2.341446779411512,2.029325185385226,2.159768561343344,1.939691052802027,2.403282805367323,1.959694737278808,1.862945968292467,2.108415571090394,1.860947723273618,2.889858324390688,2.438771825829629,2.967572276525156,1.886261778926462,2.489314075922183,2.230231209814201,1.947776453020987,1.847692679921427,2.353242834604598,2.761316760006409,2.03363939556311,1.490451491046006,2.418955832494571,1.643523617860297,1.992624128706741,3.295565737886888,2.787710586580832,2.348105230999955,1.758554851566013,2.084561799979431,1.996508462671723,2.071412510438294,2.163393658499077
1.495094283215044,1.101815874461279,1.457293083267821,0.8691441133753305,1.667957702174006,1.169246678267409,1.166214359014933,0.9509111864732588,1.29180617772631,2.028950873833927,1.968004614862405,1.541033031619718,1.270411484228948,2.27299299926365,1.526424195704456,1.184249962908119,1.383131863897269,1.375301295291182,1.899428953130258,1.020936628201996,0.633243098805216,0.6029303022939617,1.150720218907575,2.060985615274677,1.183712504890365,2.118088352895311,1.942324051156177,1.551099593719514,1.197655377202888,0.8707134009395335,1.469735415987246,1.698132536466156,1.150648118445279,1.003012218562754,1.62883486092917,0.9194565033773813,0.6276661511747961,1.951245774029425,1.098414930303076,1.804008425781961,1.021105334913227,1.084462163119486,1.3124694870616,1.07524501463549,0.3228090495626718,1.270383949125514,1.02185339198805,1.74370826129907,1.588259151018761,1.328200191587328,1.548438353300515,1.058746944181967,1.864727045111327,0.9889175007357242,2.009071626950435,1.36190828523219,1.480488417006863,1.103527667865438,1.749718442672426,1.946784252418561,1.491234087174504,0.4964311709838528,0.9589843887196413,1.77522483681637,1.565009727215569,2.134538054666776,1.41013624046083,2.000534707438903,1.410522403755942,1.245995054697837,0.935414972470653,1.435161810122395,1.148138075179422,1.197339460114525,1.422905909354588,0.9532046560797918,0.9442573031318306,1.176269427923552,2.084805678431245,1.067700329434192,1.953827021873683,1.905939477988644,1.282002921898741
1.632283307582391,1.452320016196077,1.655864923566118,1.759125380542177,1.168179328806175,1.858912184056496,1.251308563767474,1.253420033949813,1.009948358066865,0.8926863704998274,1.173840779991701,1.380633581482515,1.55069774103213,0.6347251410650224,1.096557131043713,1.44889273613094,1.179818523748076,1.207447201800198,1.082041746469524,2.241917453658007,1.310106845143111,0.7775056979470791,1.976922546499539,0.9835212927073983,1.485072865276181,1.041735053728219,0.4605465463290074,0.2662827641851242,1.79710630766563,1.267917982921301,1.826394325408649,2.317442639837532,0.8836255259818718,1.11924696330704,0.8073814415789416,1.563284578165579,0.8174081699695477,0.9549845068204718,1.508370533546864,1.25568361604144,1.250004206418507,1.949329128844345,0.77310817667999,0.306449776447157,0.8746629379539268,1.787139942239839,0.3967042065667432,1.424652283102728,0.7482261569162243,2.704732625736459,1.099464501573032,2.272985002290162,0.9422554929625581,2.184054079392951,0.5579970017908739,1.150700244397032,2.253980070962306,2.062414480850554,0.7137382123898706,2.992445428246618,0.8533220821524633,0.3922914722777432,2.181227752505893,1.722856522159215,1.945714364823065,1.032221546520059,1.12910524237628,0.9355467314167074,1.529025782290691,0.4186810701761394,0.567716854687086,1.426977638882019,0.6337122880526619,1.965844368586913,2.308975411829047,0.8983920238500533,1.237275662334917,1.690946487666944,1.618134415140093,0.288260193657536,1.107408388816527,0.3253581954321645,0.2489419062610588
2.263876127118002,1.200301138666862,2.99810760231464,2.900023529573016,1.32287186860601,2.151990811778641,2.816955257989865,2.334704231372537,2.001881911165314,2.419261421957511,2.186302720578038,1.66576444773064,2.051229126090009,2.067297101075075,2.116774141041773,1.269163201401828,1.547969880639816,2.280036002653767,2.513818975587251,2.322641999209742,1.73064393061721,2.110014381456487,1.294751249320116,1.646086843877607,2.181710211439439,1.128151072933306,1.065697497633802,2.067503830941424,2.49094049441773,1.510158943402384,2.369776388853221,3.251757023990387,2.053624938604477,1.938261316395351,2.71381297839448,1.119144578230928,2.478111782544189,2.18991174237225,2.441694765818722,2.005468086501122,2.880834390405209,1.411391987470126,0.944604214095588,2.537619829004578,2.305980861882778,1.300527671016869,1.864366537070209,2.718930159442418,1.976781724467888,1.847237460380827,1.31925590222265,1.378651311652138,1.803892949683555,1.712843711480794,1.975494674908986,1.77653963992359,1.896171426796219,2.421520218983537,3.103906389759847,1.920526365563999,2.512460238949899,1.718601380537448,2.662035711150602,2.951417370502454,1.406560258633643,2.596065097934931,2.556111197428482,2.295257658387041,2.225759309886149,2.068307995714112,1.531243099985023,1.908388880148026,1.861872836194221,2.337262399705334,1.938910782015999,2.210596868321281,1.753857858531042,2.387143906686167,0.9273991993467434,1.270716969369485,3.0453550235539,2.676184522975752,1.960836225151549
0.6891467260921802,0.9543581520759722,1.277050709929788,1.038146292303915,1.677186728264797,2.241455901836938,1.48964150521204,0.4582848030313857,1.81193559005276,0.1273402402810045,1.065402926001871,1.543793760936351,1.889375223827072,1.331464686195092,1.832255956647387,1.148660121878845,2.446452598873345,1.977701836119662,2.135754879472067,0.9582061570799982,1.479617342619591,1.372371550062178,0.8956303900616397,-0.02946249261700257,1.368442360159785,1.165505215377887,1.544847889188812,1.764747514650758,0.5936131582996094,0.2847248261411494,-0.04009753841900938,1.130676191378464,0.4170471729136846,1.401022010452892,-0.1255188833864131,0.9452139770654521,1.033231517377726,0.5313752268673753,1.705047881690425,1.629463061821425,2.287855266376367,0.8698461224815891,1.679689451952707,1.947303933927723,0.6984549872000697,0.7236548544365409,0.3795007703091934,1.581675332317551,2.341682976960556,0.5716658949414797,0.8723494053808698,1.057324277245739,1.281161075446777,2.04278490213222,1.399807286737806,1.733614176977436,1.294685844317536,1.787074917793132,1.109070972916997,1.214160253912442,0.9210707801023446,2.371952239862558,0.6595455486733498,0.3058582173304226,0.3138515614342928,1.407053543782221,0.9987471831077749,1.537478530268597,2.066524887264286,0.8765000486862624,0.8506730881318284,1.027390430211211,2.14017773330771,2.040957661928033,1.346950433585185,1.233517522853175,1.460162307600984,1.016566875698859,1.866991269492561,2.101695444077419,0.6394886826565097,0.5709832709103677,1.543487712542208
2.237756535084966,3.386777095611442,1.857480425316854,1.152694406984283,1.176225227503247,1.916696080034771,2.700225132077969,2.141252910508368,2.199560065791037,2.771314380855253,2.266399699469828,3.284286325072367,3.152504248095172,1.401548494747464,3.030153313979008,2.497693114741391,1.608488856394008,1.526694236066651,1.695407686901523,3.580662979838001,3.808900037804671,3.079099020962157,1.091792955359188,0.5022247147638081,2.07816092189104,1.65628766140014,1.938413969956636,2.012944506228184,1.232716571031706,1.479490905608196,3.173329546478147,2.020755852049412,1.5267369564334,1.671645884268374,2.254623535313907,1.641916499331499,1.748807891867562,1.509614276732826,3.619577867798611,2.489879753703251,2.888477396941695,1.367644683286423,1.180318728668143,2.119025306327253,1.832433957862107,2.864041737871719,2.225311513362333,2.434359115039558,0.850652103982265,1.473058440528433,2.876890893997696,2.118613230577111,2.034224881788223,1.969387519864632,2.962333986271037,2.121532007655105,1.842099644757397,1.992413981970053,2.40973408227998,2.341903277535364,1.862537791901233,2.726149534560267,3.153196346909919,2.518259673734626,2.179960180416494,2.838345660566358,1.07440190917814,2.314644868434983,2.220141805887593,1.309097480236664,3.384608586558986,2.774232116360368,1.72274846874727,1.479725229998123,2.017752231750197,1.955086929146468,1.674505283124776,1.614311012057549,0.9837928683035668,2.430135340812118,2.183570450101901,1.955318835532572,2.220258911580885
0.8214039327118852,0.8831664707605078,-0.2499855788017497,-0.765656989307974,1.376471207384746,1.904804645376073,0.6128726573464658,1.502235990153759,0.7899160817357029,1.948723485749282,0.6275720265578794,1.608558062539703,2.049724788876283,1.064286160673077,1.561786885488377,0.8029974921501823,0.2815300533840932,1.395073253599738,0.174937628093785,1.997141303828869,0.5238120644942826,0.4905072936147985,1.208362512983353,1.932743293964441,0.3409268460128422,1.790958089708275,1.804786119878197,0.5343035516136656,0.5999418049047126,0.734817718524208,1.075395724920363,1.667470078106922,1.003756220635555,0.1736534194205553,0.1287062677234754,2.111342675833291,0.8609814906428656,1.96491930506932,0.7597168249606763,1.422949483619008,0.8364394496966816,1.495427384793635,1.213074081473049,1.075607502979225,0.1707251062740174,0.70811931839835,1.0651971212303,1.259111364001026,0.5669721067555265,1.280008866955031,0.7519946618122322,1.128542845992425,2.206226718138273,2.024536869241116,1.505051645245655,-0.3278889868093128,0.5437313021535441,0.3034555700726361,1.548127585762861,2.261617692570751,0.7404886304495053,0.6603701277529244,1.23906884936262,1.686092759664808,0.858928294924737,1.700343109000289,0.08381211455940307,1.750923140513613,0.854408109392548,0.8824176507184085,1.596277333834108,0.9473078438655945,0.486790121576676,0.8836081101334693,1.598563861578079,0.5643847470320821,1.118147017967994,2.401392347332506,1.395412738205473,1.313294053317476,0.3356680512009244,0.5902466282364131,0.8920918984079012
1.493055427344174,1.471920931938636,1.421841015611193,1.357568897479323,0.4056102294001068,1.237702179709702,1.070956070772056,0.7056827307352838,1.269653587132144,1.907122215076738,0.7365678692196294,0.2151985340872766,1.034354118440208,0.6872367396947519,1.113690741929365,1.548201509860671,0.9695095687978047,0.6238618492553765,2.051015824313498,1.197865510197253,2.036543423668326,1.448838477390699,0.3822217545082942,1.475203147687403,0.4546184215059922,0.1128466453250865,0.5541241715198584,2.0162708659322,2.107090157217554,1.236725549586182,1.280517420508064,1.308520995124587,2.19847194753452,0.940923461945978,1.883807481547009,0.4972245399847215,2.333171272951997,1.828733978155964,0.256332348240381,0.5423310155446328,0.5015948429097956,1.170681677672948,0.3373197157061762,2.585892022486474,2.089633215105835,0.390410078697119,1.698279111518111,1.016374749274618,1.227596107367037,0.7539687430953138,1.426891895039617,0.575180584616896,0.5210546918402059,0.1491369921094862,1.488368604457656,1.109579116026186,0.7305067583030873,1.740341711706851,1.459148400672841,0.5402363360277639,2.291562097710497,2.097353747058552,1.270640467317707,1.150852885964845,1.06195346182904,1.490194901716093,1.967861188925103,2.102840071009734,1.609582979886145,2.131344991324756,1.653298380676693,1.66945271614978,1.499469877222219,-0.4650134123992676,0.509799846648793,1.312756989790226,0.817919297750426,1.957838670665752,-0.4424729071164537,1.38943354873468,1.888453706076624,2.349130258117126,1.347592434133303
1.939647286015892,2.124059183595028,0.6439169893407735,0.838453112597903,1.222368840818967,1.946809409554926,1.24130825370159,0.5475763983848655,1.94112283966203,1.982309296487452,2.487735374603038,0.7398070141933293,1.252802241120044,1.01772479414052,2.314480809500945,0.8243541388954975,1.557697316739889,1.651338834809821,1.750919635499713,0.5981219071552279,2.066263488776052,0.9280792332175578,2.174616600428533,1.114719616305245,1.153005186111832,1.873431067489315,1.530758251791612,1.451889561546358,2.172230610215062,0.851133724863484,1.46374962309735,-0.04152291956924747,1.77614249027565,0.8847172329921575,1.416534128225268,1.415246152713183,0.8875035584592512,1.572599915835478,1.215368013146561,1.556415692196988,0.7578463819134788,0.9223057328289641,1.489951043052182,2.640823426828105,0.6205071108781562,0.7724156666871678,1.074426717442263,1.955014726099148,1.761499336790445,0.7285946438587578,2.017477832379918,1.815704311007195,1.630523921991553,0.5307689064089003,2.181121760781901,1.310157779581133,1.14301523214528,0.9056005358594555,0.2494123290830295,1.253394001928828,1.561983602658239,1.578262035559208,0.966215227593431,0.3972783507463857,1.120233695598287,1.393460133040062,1.996731440214506,1.390120376372779,2.186353223585357,0.4099916929918777,1.354891101737608,1.973689955755882,1.313273828529323,1.717339726613416,0.7066683646494273,1.336061906403737,1.882825443268215,1.308935300374023,1.835045541040986,2.937542481478753,0.9908176575467306,1.801583802137136,1.898114071393246
0.9406749687856808,1.162078676602787,0.9364952740583226,1.352914367807938,0.4813740694856521,0.05242486453548523,2.132645804994833,1.156315781636312,0.3549384913883018,1.825642093908961,2.719988599169263,1.154973190248854,0.2345372858008812,0.7362690271129542,1.753048102183664,0.5465894577385106,0.389360670573462,0.794799757631246,1.183396407947674,0.340900802736285,0.8283461467632862,0.6967967081164312,-0.2477831857360733,1.205622610611165,1.142907240561676,0.8435481834541494,1.856422087946709,1.696818021662834,-0.1124687255577355,1.627019499692115,1.130941952252645,1.382413640202916,0.9628555577503004,-0.3352592080367778,2.847123117139874,0.07191850705510827,1.725441469152893,0.84229269967526,0.9246588617811056,2.586460978346863,1.267301284940643,0.02685678164370842,2.092555006466356,1.32056928145136,1.056200688332048,1.779051727066577,1.702807942947621,2.296052120644807,1.58098434830426,-0.1151940064220471,0.05569691820014055,1.617507261534182,1.949293723251127,-0.518300096550083,1.920210589301638,1.18470539469772,1.023434950684663,0.2419738806262965,0.7594513180079496,0.9150384298700622,1.140873594233103,0.7396983619575608,-0.1334302289216782,2.145928200120953,-0.1188365353715861,1.66630920573471,0.7803309529319034,0.5603245755175994,1.798700288488942,0.383213659820294,1.208829826018794,1.106063740936036,1.68071392240839,0.7317953316182737,-0.3920251745466565,1.490242219049572,1.159045282085339,1.028490523581767,0.132457164386891,0.8283858434699916,2.500659132717006,1.94723814074804,1.614161225029911
0.7661457534875092,0.5238263549725372,2.135684371562303,1.908270183991666,1.695071778636714,0.7186993950558851,0.9682936878627291,1.888040842801603,1.853023788453598,1.561277237525589,1.788932658100233,1.407742819873488,1.045557613156647,1.853511934368215,0.2852601612043856,0.9008799811922973,0.5121735619212616,0.9635838519063378,1.012222499336861,-0.01198063777847436,0.4250908106501737,0.5150692175901521,1.168052497108129,1.868168077601535,1.812097958961608,1.248847364200668,1.808195273702891,1.159217545144179,1.387417057413611,1.6842233939332,1.381667675170944,1.464993884671007,1.83229969714497,1.450709302619153,2.059762688866781,0.5358354666814699,1.270929680977308,1.317154444708104,1.165765389080583,1.530132256881558,1.409318665410809,0.3751281660132127,1.534483490330633,1.576168739940455,1.40914971800992,0.8365661865124095,1.046991597206127,1.40219424906075,1.551261508863183,0.518730103430403,2.04232891386634,0.698905526860374,1.533984492268289,0.6083560940178738,1.223104998500565,1.335489231568935,1.144806188881756,0.4977496661315411,1.51821120272272,1.612962070636881,2.026154641292879,0.4566028000587434,1.598064705709419,0.5391927323691335,1.054125676768102,1.464004727247032,1.147797270666016,1.228793429620756,1.112818472439207,2.255850334287644,1.075321181501248,1.402620944173525,1.466182022730718,1.248861108515104,0.5610492950580772,1.63325309207554,1.399942912522022,0.9240708483245752,1.422964050535755,0.5918212852485444,2.169397449773677,2.040099505201252,2.077679950488079
1.416957720538755,1.44406509145194,1.221696413788692,1.725837044603278,1.579977035465317,1.253260754042259,0.8226682730121422,0.7621244268418166,1.269162349193445,1.066095629951194,0.9158852734082211,1.612894871743465,1.391673521948533,1.587699867191442,1.514932849769305,1.759964810612336,2.041055088586051,2.012707990553041,1.687824733378776,1.369294771314787,1.652656052041452,1.35184223073722,1.903207370329433,1.230059718475478,1.711003386419278,1.520600516056734,1.940622971195308,1.07164672487976,1.425374508455217,1.436480981259889,1.417771565110717,1.407890918553309,1.126920273687158,2.16916768881077,0.8778112331280811,1.828228915854684,0.9813253504600983,1.780237358284619,1.269975447337103,1.288939137522972,0.7520531849653322,2.390706389362909,2.098104011882136,0.8507042234859672,1.406772417969244,1.692699554288617,1.649462876218412,0.3511473970795969,0.5430311056368958,2.132977345764753,1.530800285902674,1.803173433520449,1.490912441004001,1.655741403913722,1.700790780092075,1.240904520856162,2.480827089193273,1.773689333421107,0.8846102498156871,0.7245613005211373,0.8602350773275556,2.215965003518422,0.7899755864982752,1.494698628854213,2.04112898896268,1.026434096903627,1.68373614498928,1.169179671692581,1.331255844136626,1.18934778897961,1.622851881965701,1.686673548766972,1.366408669712677,1.416761179479681,2.010333481383705,1.214351888269356,1.516932908707141,0.897856683868422,1.740914120668015,1.655506447011101,1.101105406818565,0.2985693005831052,1.234341156643997
1.403896120892479,1.103284961996966,0.9851510042658378,0.9542824336164503,1.594631325471734,1.859767000040647,1.671635386267454,2.038210277015947,1.475639646784551,1.265871057442248,1.575004710057372,1.412471503624046,0.5128308686725247,1.940330541371643,1.886223206790465,0.6348228421333608,0.9239437389971734,1.699867842309695,1.522350350252158,0.83373416607472,0.2281104635476661,0.8501894629677702,2.232668420060798,1.674482591604058,1.96708564760335,2.221355195979071,2.308853591511818,0.2241443759718211,1.497718322934759,0.8766833832280581,0.4733547517172003,1.468858263645849,1.289454728023341,1.351183540546049,1.828905198487154,1.74487600203309,1.141699290325787,2.002518411053252,1.891975768062862,1.878936922499195,1.697591678331809,1.412563590967322,2.274679190675005,1.548172325902553,1.184661758817592,1.539014656634397,1.549852430033976,2.576887127177552,1.660840608043452,0.8878253481692362,0.4800585360634304,2.590592117372898,2.289580670298247,1.339657028854376,1.05992814871476,1.448395581096544,1.486478273498055,0.4508956053114883,1.054396624338451,1.518909273175432,1.37526669706171,1.242345742809391,1.040674838733733,1.909891637749405,0.9021166371009357,2.22976947427386,0.9746109890013464,1.856786603310435,2.082678282283754,0.6682120809995458,1.104165824571788,0.6599061698492201,1.502779841298651,2.042822632510935,0.8192744983561726,1.609547185545546,1.817648503299208,1.515391805113377,2.734025162480084,2.4314993682043,1.903821620040841,1.670022718158381,1.472715394467251
1.809681668470149,1.4725198341422,0.3981261789812287,1.249794283259345,1.028146196923924,1.250763954885892,1.935094302643008,0.6938087468880059,1.558468365738717,1.556348701017005,2.18289223980908,1.300146079180953,1.930356395363803,1.251575377914394,1.952192139351636,1.096551233973821,1.346980520214547,0.1213181292762819,1.635873985697193,1.060954346118977,1.613618702529015,1.564287678756491,1.761439293434609,0.5804716371869791,1.47610416493594,1.010511666593737,1.105960616237142,1.550799511750014,1.871447271638691,1.008723863737601,1.431721426985611,0.2947301527298458,1.589474245629556,1.806512898023464,1.750596962052468,0.5643036660341363,0.7153431333440128,1.623030075856293,1.358414716149052,0.7342663109788756,0.6757543016911374,0.06729304427416261,1.495010576861276,0.7345772331503904,1.309442518916249,0.9003997615435844,1.185363769476692,1.664382642350369,1.535548448524041,1.958713278595666,1.141458161254099,1.404335738718426,0.7673641357457781,0.5384150820505726,1.511604219000139,1.809660963128074,2.076241361959316,0.8703495414703737,0.6427319806202356,0.817975611749433,1.713315102440566,0.38752160734758,1.707451136089363,1.48244001096451,2.195913636470499,1.555862902645534,1.323163010413456,0.9831811022409493,1.566763991487514,0.9195950865760865,1.22847313646021,1.818078700011402,1.441571344911643,1.236154594047494,0.01923630196949788,1.680527766910865,1.671959308391695,0.6313015710980465,1.232298295234277,1.517018530256123,1.540803655532402,2.012339401612555,1.167006186859285
1.325239780691457,0.787692296498842,1.934647595429389,1.855939693690412,2.154315752799324,2.646136886759238,1.665385241448363,0.336484685498714,1.707753188596944,1.161075373161068,1.646664556837128,0.9722307679048383,1.774053441273729,1.363526157272436,2.353010986428728,1.746459393009616,2.746383815087444,3.377192941111185,2.546589097881352,0.6143344212225277,1.410288884076883,1.698103038387601,2.241449392036865,1.190589531547642,1.998034098110524,2.212912390400529,1.569448451131497,1.728197052819661,1.909957337000866,0.4361652567860261,1.310769218712489,0.6268406446218684,1.435982213081396,1.87038504756708,0.5398323545114512,1.432422702385135,1.582663618619104,1.621582588573535,2.014543042473278,1.847097316665989,1.826256116101208,1.858941755562829,1.321953443485863,1.554762729534301,1.713892212679083,1.087760852722409,0.3624229059326067,1.823246220815842,2.529185020288224,2.310121691954512,1.367198618140782,1.335461033767272,1.316640177057112,1.856828171199064,2.384370247652301,2.23421180938671,2.079590543765805,2.266364875570932,1.135877141175201,0.9705770555411859,1.40673370700776,2.164550534297509,1.083016893517227,1.347021946438071,1.900493187291541,1.037366131558097,2.628530722599677,1.387558790945696,1.349667322678732,0.6361720658995819,0.3115338887209238,1.177704070886422,1.727276583581421,1.957859772412783,2.413033324859882,1.401730790218217,1.502091542232474,1.436971825490353,2.265825945074651,2.78802278124478,0.5456546343851785,0.7165832904982417,1.738828072316793
1.18478777065872,0.8327942159599532,2.011735868200356,2.555456760946841,1.129972885568325,0.3008400192420253,2.056394858417012,0.9693930569219826,0.7277903143597175,1.668910241317179,2.065167047826701,1.185422604491448,1.231992280674101,1.322896501316211,1.171853409350519,1.892909942092279,1.235941100394712,1.751647378200841,1.324965854561763,0.3029200376192891,1.229715750451529,1.380807892823489,0.6866562828918306,0.9165905902821269,1.797149192795406,0.8673325803022005,1.801688318888464,2.110413290062628,0.8258706867002167,2.098310917351705,1.666747307586219,1.496359219206715,1.335410971859265,1.450467238993165,2.608797645942845,0.3826841386292315,1.825768089799775,1.196740996203506,1.314146533297362,2.618154767026591,1.27536478241538,1.024093513273113,1.958892724322075,0.9773562570837484,2.625060306137763,1.442886715302664,1.111248958581084,1.522787176007971,1.579923036485836,1.386022663402889,0.9888553368250691,1.089716509274008,1.308781922297297,0.2213246996868833,2.358579283980289,1.906785164672098,1.942889230954588,1.672682506470156,1.239672027265691,0.9121590587679728,1.257432406162145,1.798547457820681,0.5425035233634906,1.88721678445277,1.18888433168055,0.8893972496557627,1.821971868941892,0.860134887833884,1.17237744481057,1.219766847494218,1.421430633906211,1.923254737550498,2.090001431689486,0.9919019955952704,1.043869621647441,1.71987717787412,1.349982466446394,0.8565893818893355,0.1850012334155601,0.7276375708378803,2.292129243908586,1.526062900396955,2.092360281190879
1.715436679244575,3.247159624966643,2.90016326087325,2.405196770451557,3.312361503708079,2.538589894615527,2.228967309285306,3.001205901539542,2.404738783436861,2.397484955681365,2.65975116681232,3.338499228244737,2.894820945363223,2.442200995749293,2.649905118456113,2.261287318318482,2.86201720084735,3.119544901136074,2.264274758451224,3.906926809259609,3.283496217886057,3.683660800769193,2.963909711520734,2.442706355655541,3.38412794275816,3.438817406673139,3.242437489679595,3.476890523096176,2.639645384799493,3.212151442821429,3.483672866211097,2.843252639928198,2.325169478240486,2.883250595667389,2.407056318610584,2.72874323016781,2.785196501409987,3.149888278378149,2.937998350605907,3.199316469729316,3.294422920721578,2.983831082188485,2.552816471061055,2.471738914966649,2.933136504573291,3.87475700606399,3.919028795502594,3.32493113333364,2.555269924315801,2.657595891639306,3.419533778356031,3.009731662817455,2.387606460494483,2.91541239274135,2.878985603694842,3.098950319550305,2.824208482367821,2.481813703212815,3.012562935296552,2.412461543523283,3.008560172779329,3.075663190297032,3.003553192851524,3.196562555528998,3.742542607723073,3.327404238983704,2.946998217249424,3.372116664146076,2.423391986897639,3.399979038004012,2.980533351787286,2.164302548032313,2.499168264150182,2.47669913124008,2.988927736008221,2.848021839587475,2.775222556556631,2.55852321040719,3.044238685050953,3.17564319687646,2.69274217038875,3.354783668098507,3.148345696550467
0.7047825897120564,1.287972190133884,1.545173188224541,0.4827803755645581,1.799265243342861,1.847426044504743,1.764693872001811,1.656133025716633,1.462352058654057,0.6343440786225825,1.792058112028683,1.673321827952049,1.960629672450986,0.6501541132789318,1.321306539435627,0.916653572095083,1.182785858435143,1.845187688813521,1.120663537511173,1.942106363326575,1.590607303396931,1.316593764632332,1.825741883681642,1.413592721445991,1.594107867192367,1.503120715239809,1.875620569053726,0.9770117416713712,1.331017530633445,1.031143167856994,1.558195509687074,1.238819658671884,0.8015062218194693,1.259190082486889,0.5794601445212926,1.752588368215458,1.859545206783025,1.691516666955514,1.166856582047608,1.060736255430778,1.600800628392263,1.87726647218752,1.661439781706662,1.055282641040039,1.322587262824868,1.577705943859539,1.738810412345051,1.250400922181988,1.325500037778649,1.910930340737707,1.716892513629949,1.586998410875813,1.392644487186044,1.720477390119923,0.9789847852124676,0.9043093510698295,1.665101884221926,1.485753527684806,1.13529825145673,1.714911790650285,1.144624469105399,1.55802205508725,1.716562617061506,1.236003838500164,1.409620452284801,1.828021372574715,0.9133703795114014,1.369567265986214,2.065766484923881,1.560984968323913,0.4846584519895353,1.332243168964343,1.536884933901009,1.600123120749061,1.312421846078853,1.157749523725099,1.649031213891091,1.499839698543553,1.003791891567345,1.848187049431827,1.012131564522009,1.125172445966039,0.7471140902884295
