,M1,M3,M4,M5,M8,M9,M10,M11,M13,M14,M17,M18,M20,M21,M22,M23,M25,M26,M27,M28,M29,M31,M32,M33,M34,M35,M36,M38,M39,M40,M41,M42,M43,M44,M45,M46,M47,M48,M49,M51,M52,M54,M55,M56,M57,M58,M60,M61,M63,M64,M65,M66,M67,M68,M70,M71,M72,M73,M75,M76,M77,M78,M79,M80,M81,M82,M83,M84,M85,M86,M87,M88,M89,M90,M91,M93,M94,M95,M96,M97,M98,M99,M100
tf1,0.928574835180368,2.80582511069917,1.73995952486217,1.73138435040133,2.20285685159895,1.23205842538501,1.53422827018911,2.60433076611917,2.06918942832734,1.98272128721855,2.02974426056968,2.13660748857874,1.89288011955484,1.51172200634423,0.978067033221918,1.64758872041437,2.40448665525262,1.79552763863557,1.30779224762555,2.03162106485988,2.37492485038103,1.72953878101322,2.92345506508379,2.06838119885052,2.91842842501453,2.84923003745457,3.12203042509354,2.31707136343684,2.29222486521066,2.99368602022838,2.91979871395904,1.61306032679629,2.20095589986877,0.900744188181382,1.86092812930037,1.6456163780511,2.1790315964799,1.43919354181797,1.63968753667278,2.71400130015246,1.71266730057029,2.36337458241507,2.88714304974483,1.45425788712153,2.4054895548934,3.55129306907377,2.9362105870938,2.44774831520849,1.74421146170337,1.99904894829411,2.36983149337728,2.3751009328869,2.54452211912157,1.522130056861,1.29674068030666,1.96125843021232,2.18036963857633,1.52214715251213,1.60543302693455,2.22567391072856,2.79040429636155,1.81743397042639,2.12636963431778,1.38917610025558,2.76939779519176,2.23272010723122,1.22555971025309,2.46339274624311,1.40916099319177,2.94310650869569,2.26856730864133,1.80757424778883,2.33446636748008,1.93109656220797,2.51898663925331,2.4849075693179,2.0806027288868,2.82461371397064,2.22441947348354,2.25772099615391,1.96182552265502,2.27008521178614,2.22809759821526
tf2,0.690683885502261,0.70326153253892,2.25249613898073,2.2846150980014,2.46640849417338,1.8792747737374,2.0959108079023,1.86058559300847,2.60929748327038,2.1808495610335,1.21657699703394,0.921952423317206,1.9064021596911,2.02701151844187,0.897004499372698,1.21576503048871,1.77797157112869,2.78087241799592,2.13220073465837,1.30280748925287,1.71121726446882,0.727841463873457,2.12277610642714,2.61296050391687,1.60209895764834,1.67639414898524,1.86547427374828,1.60269473854479,2.46087362930969,0.618677753899375,2.19329758800266,2.30385274465754,1.72801071056981,1.34378589724971,1.10215041360905,2.0894048137773,2.09403933676733,1.75676357785241,1.92005226211616,1.84873526709809,1.76096987815102,2.16675330326067,1.50948919250039,2.6743757769953,1.86537440372871,0.664506745765022,1.63265307484026,1.84468457319932,2.20392104547007,1.36125920205545,1.37297425267209,1.52546037232099,2.3412378153504,1.60441779517157,2.25413659673893,1.01445623618962,1.84002846993518,2.36119365033847,2.25129053276779,1.84065895647656,2.29192689280019,1.75392406655862,1.61294895737336,0.779190583942873,1.34527913893788,2.47071627995083,2.05746546397777,2.3572608273559,1.77742794435706,2.39749621129089,0.753091773439306,1.97120643974707,1.6324710209562,1.51927560668847,2.05162300114472,1.82232615506559,1.557011625407,2.17149753711449,1.28046542334114,1.94766277963162,1.3905062745422,1.68526836626419,1.60487186814066
tf3,2.50961536389711,2.78691311311537,1.84054610842103,2.180009577689,2.2483590226947,1.37903653624112,3.13044521397396,3.03492001138791,2.21394080352725,2.63170487544724,3.40781950386361,3.05544374447872,2.16682683218385,2.82208663968523,2.49446331519089,3.45141904262736,2.53411048466818,1.25531907817456,1.94481572963182,2.44178945867827,2.97355848305198,1.79602074052246,2.5593483482257,1.9779558277299,2.13063997691156,1.99236380432838,3.02870012431685,2.50265346545583,1.95244746498723,2.68723446010991,2.34135312007583,2.66441306962339,1.97619307458127,2.66549678393066,3.435791276481,2.26081286498398,2.4789170817786,3.06657232923717,2.18403702902091,2.64918595239627,1.96876393839045,1.91929220417625,3.32102684007527,2.67003016843228,2.49582906863695,2.64586196055272,3.14226299649782,3.15884792139018,1.96472040635951,2.38574147825228,2.15734051501394,2.67328130426993,2.83969210785492,1.60785858524056,2.37030450418938,1.72556843063824,3.19538150782138,3.04061536495328,1.88692783148026,2.79148060958509,2.12757530642236,2.9069757349799,2.10030917427979,3.19713950194583,2.06588916305765,3.46526746783931,1.46627946400916,3.1890998391242,2.95934538319667,2.64864118264173,3.43103311043039,3.06578541272743,2.36172310872019,2.04169324580823,2.08654799242034,2.32618228940109,2.41087911412684,2.70243866326909,2.22802362431801,2.38271800901755,3.07624248474924,2.93069077259484,2.53558565375389
tf4,2.65208625355999,1.52446904014909,2.62339342876955,2.27572519327598,2.13957415209536,2.66043276550484,2.87921186445632,0.907505366993569,1.98398035004416,1.72288252064711,2.42020010551588,1.78367730009011,2.38004370871739,1.10794342152487,1.91977318405936,1.98451336239369,1.99849546192995,2.52163680069944,2.15326132455097,1.03737386519843,1.80333393943165,1.9421519811144,1.94418273127723,1.78339331950193,2.35243459554449,1.37515793734182,2.42098142565924,2.58448883232548,2.94077426010368,1.55504203601904,2.17460116608632,1.76248617335797,1.83930097318965,2.06021529446773,2.01468338445243,1.57730381589167,1.73039347553516,2.19482323628637,2.6375625518726,2.98508128375446,2.07571832991948,1.65978382864951,1.71008202925569,1.54025069308908,3.41111921226276,1.52428378378422,1.42811830983365,2.35772024850636,2.56419534067235,2.12322781508226,2.05679873784863,2.29755246791367,1.51050401041637,1.84181957766229,2.48634782415314,3.35277733890518,2.11734090249884,1.86040564596409,1.94685195931776,2.04440812278449,1.86263748134221,2.28829633308573,1.83828004121759,1.72441978703418,1.02409639502528,1.59910695362843,2.37262360500091,2.00630393754621,2.30998009162742,1.27057055675026,1.94033989484501,2.41279870329583,3.10061068826303,2.56472876179604,0.770541752549894,1.94412190808534,1.93240296691171,1.86092621852684,0.858631919932054,2.67380143991958,2.34729170845413,2.32260248786482,2.53898435205639
tf5,1.43104357372323,1.9744607981468,2.56205699080789,2.82704474946693,2.19413210145552,1.89608392622254,2.37023953767015,2.64897274532306,2.12645985172311,0.612599629674829,1.52931164167434,2.16937155584222,1.48060836814347,2.94870573132294,1.26917138934643,2.79137182189468,2.48880194466877,1.56330313798719,3.06908335938629,2.32619414545907,1.71296126290088,1.97592634779601,1.05717596597501,2.01747178335803,2.18291055637225,2.619512629119,2.28370072436585,2.55360953177349,1.56457039353542,2.16402369477268,1.00403381529899,2.62965458425984,1.58029816254414,2.32931236147445,1.43014909542369,1.90092833333006,1.98925466189325,2.80202459561961,2.27346256782736,1.67628499759434,2.71780602026601,1.89235059640883,2.75629032627527,2.32061289363337,0.706583852691505,2.48905806971178,2.31027362767392,2.94368431092089,2.69607755754198,1.80333007259797,2.27826361953157,1.54380894077437,1.74562780553208,1.89432983431963,2.41607157722861,3.38696405775233,1.05099438651238,2.90823923270103,2.77141262696956,1.63598006293155,2.30921315954863,2.9315785166273,1.75690520033283,1.99921885865773,2.26989738108838,2.99281997927245,2.36011420668132,2.62952317503391,2.44594041660642,2.53935337781652,2.4483104062549,1.53745100135076,2.67837012097442,1.33669678980194,2.20226268761229,2.06024156714085,1.35132534515338,1.54796265310995,2.421949101221,2.13497333594681,1.50906957443639,2.72161685649282,2.68855981613523
tf6,1.19409728186062,2.40328894519385,1.59011024770393,1.74413671635387,1.95868166519486,1.46966002297397,1.93305013313689,1.55197316121678,2.44012218895634,2.26989611399136,1.74207557572125,2.44571002377512,2.21242474866622,1.83179135233447,2.48241069358651,1.38734847001775,2.92661166426513,1.95674940622439,2.57692634005368,2.54416098986347,2.99192196135458,2.66488822915136,1.77105331956358,1.58384004131472,1.40162453343517,1.25995122189179,1.93615390920296,2.05527294669213,1.35977968156445,1.68236840772621,1.63423339107642,2.33521552736219,2.32047271246346,1.72325540550968,2.02531736209776,1.32365952945373,2.69869008560573,1.67642738823556,1.56447364785482,1.80200809937229,2.41872308291867,1.6183380293489,2.05038615414347,3.09090831256469,1.87129756820803,1.77767740103023,2.15991428099769,2.00360655799673,1.8920622379473,1.1105338071637,1.76034074522212,1.97044428500976,2.46728238416148,2.02710153089533,2.56813300399538,1.89142820439952,2.79743011106946,1.66129118249768,1.07323693915675,1.60473672258047,3.19279017326301,2.63769167163741,2.20205277694834,1.86046631050979,2.0878746717629,2.19805860849139,1.64614685089458,2.52321834200765,2.39270669171719,1.81350222345517,1.9909506757032,1.7061578068059,2.27384755802817,1.01606399811617,1.32697639331012,1.68257732527023,1.57927565738712,2.01755817267385,1.75304540558744,2.48150637832051,2.39485480119385,2.20956771528802,1.52639667670887
tf7,2.79257705096888,3.61809813438711,2.19513836306949,2.39989353419884,1.86705186822325,1.62538670910238,3.2700048364411,3.35904998340789,2.44543029671271,1.78608918345594,2.51916190896206,2.54023319129598,2.83075728091292,1.91016492330579,2.68123388743027,2.58665445486339,2.63357437575016,2.22033299262335,2.40599393570215,3.41381027247124,3.06898950297221,3.4828693269636,3.20132335382734,1.04959210154802,2.4330240935887,3.24706278278144,1.97064076388346,2.63956325960494,2.50327735266409,2.69422482088906,2.80557274957614,1.68963822073055,2.56349952161017,2.62958026644998,2.97674320654933,2.43488158746353,3.13132699146985,3.07263142985873,2.26295221324243,2.09840230209233,3.26963017275915,2.4079023988129,2.31993841999863,1.66897805207023,3.01258468638511,3.43631128476013,3.49277296077192,3.15187687902046,2.34322739626555,2.86162996307898,2.9350665169537,2.82654202352394,1.9972382595673,2.17954948972826,2.29359171186077,2.61158324861786,2.13212881618318,2.74325418479487,2.6017446729166,1.639903305035,2.3640848361699,3.74169085210753,3.33286394979162,3.18428370365677,2.9691996128145,2.47190769313899,2.5269900704443,2.53155761464275,2.79889710057246,2.68476311578556,2.61202576188108,2.17636691281264,2.86757895906268,2.28329910314473,2.66959084929767,3.44598059217428,2.72408781800919,2.02925716875162,1.73052420929055,2.59192483534744,2.36409014634203,2.41163684425215,1.80895929290343
tf8,1.07601848023773,1.05943675111907,1.41488709841851,1.47395056520715,0.508117425656216,1.42024797555013,1.92588309320608,1.30085621028955,1.9212574717814,1.15327714786902,2.14914978963284,0.262160893077999,1.19518451123814,0.935798053432956,1.11422606185819,0.116144953964648,1.3706136677642,1.27806573647211,1.62803628156223,1.11290748183153,1.91691589544657,0.928346165111296,1.85853759758935,0.432192234410151,1.77556558109485,1.61406786593717,0.336852856484689,1.37819748956161,1.94087800402239,0.532001042992978,1.71867886505684,0.642596084087441,1.61186684997495,0.0405872986839889,1.5845077144443,1.11720505673607,1.02937944551545,-0.281678040673759,1.74436109025086,1.11238906863507,1.71257739468047,0.27678139173347,0.666740261035859,1.56022248721289,0.465360817762462,1.02410946745811,0.110177635758441,2.63313543449456,1.59961283644955,0.832192632776708,1.63985019516936,2.16589004815636,1.27447931599148,0.830463418335574,1.05174518691808,1.51813282471079,0.863455057225579,0.957217679763811,0.837213716756127,1.81054415611992,2.07801682989359,-0.0968754361208879,1.61194590067498,0.411898923506959,1.50481687230601,1.08008407610591,1.29485522748126,0.342482675047183,1.87941112319605,0.182909809701795,-0.224390476061303,1.41573625084928,1.20781557129771,2.42293766386366,0.82326856945718,1.57316098392197,1.56892502828533,0.682205566258874,1.14924937947428,0.715279745844475,1.14516265450525,2.03455021026513,0.983722109799318
tf9,1.8471195237039,1.05600452113536,2.55244052809155,2.72018655781744,2.58285448362524,2.10717569046706,2.36486459962045,1.8994227017973,2.13325407143525,1.78093973898518,1.76036418207847,0.846009625011886,1.49692870954083,2.54227989105003,1.54633699123614,2.19832977540833,2.45152131673179,3.17073847189161,2.12200680958387,1.69523339304457,1.95831743572194,1.81075828037271,2.3615104628871,1.73827392319972,2.19837363515909,1.96502338860127,1.48766083791783,2.97230221131871,2.50570207801663,1.41548431457189,2.35841274564591,1.53432917293709,1.62569894690847,2.65426645044745,2.12472146821806,1.88848014042434,1.80358711887616,2.15835962464197,2.43124119888918,2.21635080955216,2.38486494790034,2.26363643107511,1.4721678045254,2.33198466806359,2.58459264128213,1.25392617739458,1.55517007577954,2.71073812916873,2.53197515742157,2.17634698148479,1.33706899690306,1.46105586494729,1.40106616017321,1.24026806656839,2.60517641413619,2.64192281506067,1.5281662460748,2.6886137885678,2.65053675485402,0.881904792644304,2.26051891204273,2.49448384004659,1.71583643089235,1.7561056474323,2.16412674049205,2.13754040824331,3.00704640315651,2.20337974994861,1.14631423843696,2.09071882858169,1.94188892103174,1.52645014957717,2.0695779004917,2.25542445376936,2.16844461563958,2.18965446318311,1.72611221177107,1.59710213902821,1.51953431733489,2.5009000482082,2.05159401081299,2.48598080427109,2.52093553940116
tf10,3.0761972070234,2.66870107187033,1.36571779221717,1.56892318664573,2.92174207700958,2.71194381184654,2.85753817512909,2.33097607579603,2.20387720283109,3.21291867811781,4.09442707554916,3.14981346894084,2.32295293383953,2.90691297896618,3.61906152763469,2.60829272638726,2.97194401172484,2.73587227411869,2.23929759633671,2.60394999010972,3.02734131148026,2.62185125794317,3.52544035297,3.11504937280005,2.57609229059315,3.46412253098098,3.57176389500161,3.11747040312539,3.35290393975044,3.07727420494917,2.69134836413291,2.3945289778027,2.55687995175251,3.27445548059002,3.50844491048215,3.40447870299455,2.30334705368153,2.59090611748687,3.3086518679685,2.99234726824464,2.78608687551026,1.94937909768124,3.25774272002808,2.92650112789722,2.93875098551697,2.84189521906548,2.92626492800109,3.46259879658975,2.17153995403959,2.65468343123848,2.33833052589014,3.85657767910071,3.60796282047256,2.85958448533815,2.31583381254363,2.61260132387177,3.59838985918858,1.87481148560121,2.22548472533296,3.34761966007021,2.94559700118576,2.09991183842853,2.18269471230317,3.78731318185881,2.43285258770237,3.39804833639637,2.03987077008288,2.68574852642692,3.03781827965575,1.74473358941755,2.4853547375621,3.36669194123527,2.54964206658084,3.32023233688241,1.8186699713321,2.4093251394238,2.47290508111039,3.68339265188511,2.97312790842135,3.29160016678168,3.11528956436777,3.47011190488108,2.72837771870103
tf11,2.34584780932358,3.34296343381699,2.15335431811148,2.37502423314717,2.48174449348799,2.94860083603673,3.64625743540013,3.14687411032728,3.67363346847384,2.82040102265615,2.39480199081917,2.12839868029639,3.1678863924342,2.43872664798182,2.37359894773588,1.85614320992701,2.83001063619135,2.76726766498793,2.79188051996383,4.29937309483328,3.27425599394665,2.55286143844346,3.66052287432712,2.33356816408814,2.80437207292072,3.24943240546506,2.05826372407313,2.33645543941511,3.27967757012595,1.93213150910944,3.61202843091557,2.17838609185604,2.89869960015303,1.64566225916006,1.75773542926791,3.29652738425518,2.11149939669256,2.68468703813414,3.19827082838173,2.5465447915957,2.80300096029252,2.53013087778363,2.11792653419542,2.57790767329838,2.04363705180237,2.82395461855099,3.46556539352619,3.61364012642865,2.38616587827591,2.47889235931215,2.58568237317181,3.66758040991956,3.23163933085435,3.0805222300891,2.68875759457511,2.64994220960244,2.63057386528493,2.58643329367397,2.71961634793906,2.79266664725033,3.54566429130188,2.31059688199643,3.19394495218967,2.13355863956604,3.43120811702932,3.12324099668723,2.59366018913803,2.86507570505096,2.57879081311216,2.15887880581867,2.36950864813487,2.20740092518525,2.4454822192409,3.14523275250584,2.62057411508999,2.76817583905768,3.08920345855765,2.48585070205083,2.70175772512724,2.73803073690938,1.93972188661492,3.00492656116845,2.0975281924378
tf12,1.44246462725038,1.16340117776595,2.34674546939519,1.88535981599837,1.70062287625686,0.904545824739411,1.0230559192862,2.20010996938615,1.6829806048626,1.89277656159868,1.6754769339816,1.02207255174119,1.27413344170543,3.32601895288467,0.847254520033457,2.49214531186517,2.73265407022101,1.4957154469081,2.40206739348779,1.26700086404869,1.13511332576913,0.630657999216921,2.59090816106951,1.72493739386795,1.93025901947721,2.30492758075221,0.68678136995458,1.5675432257289,1.4105831054037,0.768774716733891,1.54585017291843,2.26766135258927,1.76659962268655,2.03876494001773,2.55215246215526,1.54490826411242,1.72689086642164,1.08797160584078,1.23617763617717,1.49620202386915,0.855967628557798,2.19206939324061,1.38258223880333,1.92437053498003,1.64951816947875,1.21833324160013,1.13541233739502,1.18055262604758,1.46841078082691,2.06200516056196,2.13711764800093,1.71371056882893,1.59416366282306,1.05531253450259,0.369392465135118,1.33450770249142,2.50263985697343,2.47955380585442,1.62643020455022,1.10646432163806,1.52832328596443,1.42465605901788,1.27986137293041,1.62602694365673,2.42415172228374,1.54254074997721,2.13291921703587,1.84431422840051,1.0967084728497,2.2660067697988,1.00329692131714,1.3836137199485,0.916230937094584,1.62090054825151,3.67001644656038,1.19897225690917,0.769568665184954,0.591886409075802,2.30676689134903,0.714122409419517,2.377206838945,1.04716251642199,1.57274215804167
tf13,1.2250218486729,2.23333756613395,2.23960667229165,2.06657912534153,2.22984150827048,2.90144312232245,2.28865667772971,2.59575258013469,2.37931709216833,3.05830115887907,3.577861348879,2.67957833768736,2.71733186588251,2.31885974586707,2.86398459905746,1.71299977069415,1.30431800691044,2.79793957324691,2.03610385170407,2.07526770620018,2.00096484618006,1.64379224574005,2.30441828764203,1.88238874604151,3.30313208451713,2.97307250339065,3.29825481988893,1.85421147871891,1.52677869640876,2.59039644259171,2.5025611934856,2.54761359226778,2.02907400165039,2.12638387000962,2.66655295409575,2.10887053373926,1.93542411416372,1.97991658663981,2.5637129608997,3.58275110243079,2.52676969296362,1.78526586457907,3.27425845709673,2.85315171210468,1.67272044906417,2.56838825547929,2.41670527140974,2.79378669142238,2.44600752220857,2.07677293948524,2.67288138696038,2.18716020078773,3.39869698872494,1.96714988121115,2.29128556496949,1.94541569062569,2.51026941034517,1.69381906175294,1.99052028283614,3.09736802855484,2.3382720887016,1.6191309403383,1.80453176610105,2.31888625117551,2.55919779359729,2.94606422224901,1.92892390743522,2.00325581698487,3.07549318406071,2.24722104812907,1.33133999151577,2.80921309095744,1.86684415159604,2.57796189711416,2.81316847825204,2.46208614297179,3.17775564015251,2.12215920402989,3.20776360375677,2.35925353568262,2.49476663713081,2.49034947518109,2.91406409752858
tf14,1.58015920110711,1.22659227912554,1.46799831316572,0.700719750336338,1.67820092864718,1.55139203113431,1.29489645169748,0.610648099608125,1.34885406791176,1.46567266251362,0.790369452457968,1.50948770364113,1.855717813705,0.924981432003484,1.23202036234526,1.00294307837476,1.06805990539576,1.13122451580032,1.14785189457904,1.15342386565091,0.630412303961772,1.1100641162135,1.65787205848173,1.24937062715269,1.14317753890503,1.05289542660815,1.52467994086158,0.416152356820459,1.31743834209286,0.0825663357145828,1.39684271244673,1.22057910831776,1.29160355362563,1.10603845834391,0.819954739026962,0.88072373433602,0.567241205278906,2.33460044108739,1.32416096063472,1.81601780226398,0.601026250863001,1.44642332920025,0.607640453021404,0.172887703285915,2.0457988170414,1.07662436940283,1.14010277048488,1.01612626142726,1.20529975488942,1.51119836637338,1.59363891991799,1.75200010323953,1.05696325615659,1.52978340829009,1.76173918642149,1.79746733102229,1.85638594045731,0.563138404727878,0.781165741473954,1.23810950694825,0.968368079131468,1.09165306302153,1.5729871687829,1.14177059419456,1.34757618312732,0.769845670356559,1.16194425759558,1.74975210703484,1.09603898150331,0.617926577367948,1.24325754502613,0.900957976207647,1.33637017455752,1.10951147380693,0.581753212244278,0.734097461571776,1.21407707653622,0.284246332029827,1.3883554134498,1.84074710856001,1.41787851151616,0.808060508482514,0.832957461925744
tf15,2.31109186813367,3.01932464831217,1.36706360151523,2.1020428298578,1.5488903754396,3.12024309837147,1.57729831162562,1.59381669582868,1.6837266638319,2.51385972004789,2.15638695994155,2.06919828995433,2.82797196916143,1.25212788668463,3.39196355166868,2.59065663191097,1.39886462728695,2.2824745163679,2.21946818344556,2.16841764830031,2.30555551347595,2.93131970699614,1.68249920192714,1.70030098305323,2.38795758567592,2.65520688557577,2.55797935052203,2.59909489695818,2.30404713733288,2.81436164518829,2.10188703830149,1.6391437453146,2.24333635745601,1.73976439222826,2.09061509683109,1.99760758649117,2.27985106969793,2.45633270959222,2.36339133164216,2.60612785706472,2.08040816835816,1.92948219262777,2.36469386694867,2.23573468493929,2.09405324014106,2.97042467032497,2.61978548265828,2.96716371168476,2.26035207114526,2.09248350263489,2.37250615601241,2.56518525900102,1.40590714404209,1.84533475985555,2.66591120449794,1.87893863865973,1.3893338534199,1.93738338641414,2.36884079745752,2.12378020385176,1.63624474081747,2.91200130780174,1.95699586792771,2.77634780061001,2.6851116860019,2.45271102745684,2.35287635206484,2.54581177013325,2.34460209367362,2.16854130841316,3.03366516289281,2.39417426136704,2.41386547830903,1.55335773548422,2.3480223651195,2.98022070319319,2.63360054903957,2.90358738304634,1.96928055862031,2.96718540217422,2.21266126697804,2.0270735858396,3.41769811228971
tf16,3.08824881022201,2.96803832916832,3.08567059633859,3.30432209741254,2.62579419780338,1.71982975217668,3.35738566730534,3.26816265370428,3.79599156191925,3.86356437247662,2.86462828090839,4.02535824604179,3.33166354061901,3.19808458918951,3.00720597960199,3.16304803208281,2.66507556637925,3.14390876658001,3.66961026217647,3.32236272969714,3.46027814511423,3.28051953236838,2.5783721346275,2.35567872966841,3.07998309708473,3.23722890301166,3.81694912406778,2.87846120402503,3.16781278928429,3.24355001435631,3.10046596359189,3.81144510456976,3.23683133230596,3.5222259343868,3.59457211352846,2.60234598791639,3.20568493687389,4.05630158506986,3.29552521259771,3.56071334536051,3.85925481105382,2.27308752081212,3.46726283717179,3.45370163874045,3.09841944956364,2.55639749540496,3.63378917842732,2.77094783628459,2.57404335186113,2.36921233300743,3.19084202875215,2.39172489108508,3.78785147406637,3.26999091101586,4.64776195279363,2.2178373795763,3.29334973878881,3.71635111925229,3.58204013030642,3.8139757693631,3.92923316637046,4.3800480487265,3.38325805733155,3.51108052786919,2.8093698047308,4.5325309392791,3.33844558368701,4.12265145228116,3.93036327009637,3.69207278067036,3.03451147922043,4.21886291524453,3.07166089867935,2.31543474096591,2.79700321600908,3.37749576058106,3.42711910147113,3.48333952375733,2.54273017337361,2.3903379584447,3.51108719048793,3.99496159325007,2.83029926359365
tf17,0.584125263907258,1.075383987665,1.3197923718878,1.52317449478692,0.850646880127908,1.04767461415393,1.32828069789737,2.06504308959707,1.52478041675876,1.66591277082594,1.17825575359153,2.07665679506202,2.18756175237225,0.949029772662376,0.915036113912872,0.285719530110588,0.0597324984418858,1.43770611481412,0.993547516130484,1.88422154313173,1.09053466222381,1.5865293452005,1.288884506474,1.5715235508086,1.81593501122941,2.11701420860625,2.08472642514177,0.555559325713534,0.899649517837899,1.78186725786845,1.89217941706296,2.17522375206514,1.77255452131229,0.482723890447827,1.32431425308878,1.5698536291402,1.59617263061853,1.02918408500093,1.60353935912813,1.75913462283051,2.08507482086014,0.889359950751946,1.64846597716103,0.205988312342286,0.942292001731778,2.03656083295727,1.1250967842835,1.39269907802471,0.500903473494916,1.39126131377137,1.87938816309808,2.17562948359084,1.78200046405879,2.03024701453901,1.63541458895456,1.22303375739437,1.21327332612413,0.306304637006647,1.43870897553376,2.54177394734121,2.25019710312064,0.47888374166953,2.4044954068741,1.58411553696941,2.16348290081998,1.53481805911243,0.88746773412151,0.516665451017951,1.43386143373515,1.28698247433801,0.640706370879935,1.303248164635,1.18102162858006,1.29304979099593,0.864156795991113,1.67526138681034,1.64809870283084,1.04780571774701,1.18218929984943,-0.101488918333526,1.41967569688643,1.4654076251443,1.15883450721838
tf18,2.37855283361848,1.97837448661314,1.92692590874433,1.97714274844454,3.16126628576871,2.38536482667941,1.62204687198943,2.10637031650009,2.62960850739453,1.90004492105047,1.68350060005856,2.90909784316193,2.49375630188729,2.47640166151768,2.07618055186664,3.67053245220893,2.50184210804345,2.62723927325918,2.79079206393054,2.79725716572227,2.45502545078223,2.2778614281485,2.85667406683319,2.85903637367963,1.3175812892008,2.85097137844065,2.47013607201286,1.9806396545162,1.55814978915927,2.10344735898198,1.60763435820818,2.44188957442011,2.29232992015889,3.53590930389908,1.90396539668709,3.79675502448865,2.35645760250255,3.25092069804422,2.66366310462574,1.17909242216985,2.77673884657702,2.61828886737677,2.0478872801417,1.30969393075604,2.1581947780918,2.22813504207168,2.609897226553,1.61595430741826,1.85683072191697,2.41708043085821,2.3966227923433,3.12681203974046,1.53235548301823,3.75472550085288,2.34006421985972,2.16307904218284,2.85042880892485,2.50877827138485,2.26151064715669,2.4661082201861,2.16321770071655,2.81557167136846,2.48310124125427,2.80092347947334,3.06836369666943,2.70400159505522,2.2898885572524,2.18839292471323,2.237955964699,2.35668774981145,1.85722127895689,1.72292589944112,1.85947653708768,1.3797645424629,2.09412195408551,1.88278421987523,1.91683687039736,1.72667068572671,2.82249950766526,1.30962339991624,2.12802864430842,1.29133933660951,1.81548019643268
tf19,1.60978789629194,1.4179364941117,1.42367213879979,2.11175799128574,1.32055384943356,1.57085609358074,1.97722011544524,0.428150353295018,1.5905494692684,2.20283164097764,3.07658240622929,2.14023162046764,2.5973292786346,1.59641965424586,2.60621240545972,0.854557133213724,0.790339788698282,1.87631817288361,2.3764036226918,0.31629231775766,1.02792304806211,1.84383368477207,0.943223324343892,1.66055617676966,1.54989986517163,1.43843023066854,2.4199699615609,1.42662142050251,1.10275011742547,1.59196982820287,1.53706866430979,1.68256534897307,1.59043868132488,1.68044503518426,2.0351660332403,0.988625414826227,1.6051158990702,1.60702979451918,1.16181151597051,2.20020077704742,1.83740202196834,0.52636280001093,2.30528922851829,1.5001660174496,1.2832192017308,1.18597424905513,1.11496717747777,1.16780274377823,2.02572055932744,1.41145776746623,2.08926575622434,1.11316872860879,1.77468316817593,1.17771652973104,2.06181090992036,1.74673356820695,2.46221526372102,0.959235521941833,0.863427854753327,1.8393414516675,1.8651456881343,1.50025257952522,1.40243284340189,1.81570766421032,1.20960254590428,1.68727456269388,1.87054018944006,1.14756752274396,2.37572325670865,1.10868828650423,0.5393880730208,2.3710344339999,1.93152824325059,1.68839469489192,0.612242749061954,1.588332654453,1.90731118171161,0.84074450170976,1.42891616970861,1.32556722289238,2.4284646644961,1.53541801867237,1.94545513972051
tf20,2.24734487284191,2.32532994216875,2.30502042968887,2.09828710700377,2.88733089480997,2.95202204475845,3.50915586047747,2.78011852185268,3.47984311642572,2.85872164636601,2.18791539527838,2.06283012097837,2.3364172129213,2.77715378660824,2.34478947657769,1.95571663537202,2.49148604840621,3.50667421881598,3.26310875147513,2.83462043177728,2.32182361509089,1.83194365200681,2.86660256012018,3.1252697587515,2.49488430219782,3.16405969832044,2.9234688369607,2.47957044574014,3.14026470604921,1.75967824432568,2.76092019970257,2.60353790755077,2.33969369068219,2.0879030101115,2.3139626665502,3.38660478184563,2.38121717894564,2.49160032638724,3.30232632033479,3.27678834816858,3.25273762917255,2.5763965066788,2.50984175700559,3.36807487231079,2.5383427152934,2.13579567601706,2.86014429906852,3.41914864580491,2.77327259201118,1.55636478673211,1.72641710350805,3.34888581896852,3.71160732716609,2.82153598209184,2.4550310312542,2.60299021766947,2.32997895046772,2.64017264898407,3.13771363441424,3.00407494710956,3.16445507723834,3.04281570750925,2.08255388456084,2.13143034794137,1.43087687252474,3.80677395074067,2.39035695397377,3.22266975039396,2.95537490272463,2.40048007586959,1.99908811721633,2.30461123552594,2.8383790751664,2.98870711359397,2.03802536335207,2.87252961214236,2.5623935635756,3.03816256361471,2.39132286676948,2.9787114448298,2.75740541240655,3.0944303501136,2.37405157642848
tf21,1.50880772018225,2.58684821766875,0.571576443258962,1.38063805792823,0.799840456821154,1.94817131501164,1.46060355790279,1.89512271197429,1.13554863780108,1.30601635575403,2.10126340202407,2.04816159884448,1.60763827663305,0.306774452423583,1.92267207914606,1.4394646291609,0.431047858051399,0.828157223589453,0.514582144779255,1.97541702108037,2.82821541862994,2.08296182586206,1.49346931132573,0.975707386753889,1.46368600383756,0.0322896084939213,1.60283041292738,0.851951853286461,1.63104577195567,2.43885600774834,2.24431956403687,1.35154849334331,2.1518315964065,0.873376169041072,1.98312899561975,1.7530078984186,1.9679108905361,2.0677309350527,1.29604025247806,1.26067812430709,1.2288083158637,1.41963852611442,1.48305341396286,1.50495634698359,1.35926686159391,1.90077010671411,2.2552955239034,2.3275696265747,0.43603815394127,1.73012721550278,1.6363705476166,1.38878202609894,1.21049039590858,1.11840857657271,1.48475409057242,1.45325118131133,1.9742041239967,1.12598369731619,0.144675805208686,1.78341606593707,2.13774712779091,1.69140036904756,2.48483289493292,1.96182556020637,1.49367707858493,1.09001039168817,0.694165697759908,1.51573176464495,1.34421568547137,0.694329154684315,2.59148680655346,1.78543140874819,1.177412691039,1.59822482881865,1.01623118152407,1.37341962858951,1.89917561028745,2.20431032671457,1.35750418254168,1.81184519351455,1.6081914026901,2.1868851613764,1.89781565292799
tf22,0.905568093990524,1.23000173076154,0.60175760333288,1.140817979443,2.24125178999681,0.718057840816153,-0.485910620805682,1.90536297594159,0.425175937338684,-0.121684399978376,0.0518872135763053,1.28324783871311,-0.205371110282095,1.52035614958569,-0.191210687192147,1.44100653352871,1.73647727644309,1.4313064115119,0.445455411912881,0.917972589272569,-0.11542214108546,0.335869032971005,2.43660377659133,2.30382992925968,1.59343129012008,2.25523529020316,2.5597786221637,0.87876122646971,1.97851693844332,2.87572146970707,0.257334785182037,1.89444178405172,1.11361019302383,1.3324238705124,0.547159101531693,1.85524860885874,0.733576568203844,2.26401760145173,-0.132005187498854,1.17283463206215,0.415166782281367,2.69034658662611,2.66635814929524,-0.0573100628006413,1.26398803122895,2.45918132331281,1.70384258397195,1.01037096149883,0.883499146184702,2.2467057480618,0.60706906392909,2.17106486840735,1.59974967207337,1.96659080992368,0.588170708404595,0.924344693143359,1.32135094805745,1.25949652384752,1.03692727949259,1.85314824671052,0.875268135830745,1.25967706411466,0.381262597242267,1.36079437161451,1.54816464631717,0.982187949164765,0.496090475396802,1.76783343378757,0.716399094029607,1.82767889718199,1.5896664572874,0.369444649930396,1.47460761650641,1.44002351792297,2.05815800605508,1.37402382695331,1.3771060857564,2.36535690345338,2.61990701366527,0.945556899412533,0.610404914673865,0.685631655915116,0.829869096310961
tf23,2.54220816297508,2.7584738410726,2.7628513518946,2.04352891412009,2.96890517129104,3.06832994382533,1.71645003876141,2.89457287700089,2.64265698342588,1.8340844998825,1.95749710558252,2.51969758529431,2.20580033703267,1.55765933541067,2.26162695693775,2.29294025883414,2.81089565912303,3.43091072066614,2.31013322660155,3.11168387360051,2.95949583280279,3.19066554663426,2.35189005629334,2.48876209838254,3.1499726757549,2.58882682434679,2.73460051111978,3.14485256163094,2.71060517927165,3.14389868619261,2.65956449061608,2.14393879419511,3.00579378315292,2.48224590562928,2.16749314841577,2.21976368598827,3.00674202062048,2.53580107958712,2.77622599012766,1.96525341521206,3.50632017892359,3.13845709892017,2.92377635492033,2.3331820525276,2.82003767761978,3.519935894066,2.90777747221249,2.41703312889947,2.38725805222894,2.45993951778966,2.50602599626086,2.73503755391378,1.9709529387499,2.93738675941303,2.57997172274716,3.02456933210408,1.5121815009757,2.26667417537544,3.07119190082531,2.24876539054516,3.31913443489945,3.11298675676881,3.16254136558964,2.13033873531135,3.14246694787094,2.5232991827824,2.37015314174358,2.32211669888793,2.52613941432609,2.99464737477724,3.01294710110436,1.82386024327241,3.57355566236562,2.59286741517306,2.36286430587926,3.01321209845279,2.83147384154584,2.72681959351882,2.12849960828361,2.85903454515293,2.50426024974713,2.56494247063015,2.83317352946033
tf24,2.40901746930082,1.71868103350175,3.10662679489757,1.6242002410136,1.98337411110658,1.94294108990807,3.38479512166601,2.8129004145752,2.45671947955981,2.49121656104707,2.57089853683831,2.24685865112674,2.85230410829107,2.49842518841146,1.86605129671545,2.34470143055057,2.96277071563054,1.71217397206973,2.87546809151602,2.68817177115955,2.4625985229688,2.37136062135788,1.80593991013025,2.08440018753578,2.6290504184352,2.55621426853574,1.59086061439502,3.22224983569984,2.07379106002698,1.29969117789203,2.38788934328041,2.50662278602809,2.84679542963905,2.0988517664955,3.23425428260705,1.18774759975854,2.98084077373166,1.62777921399808,2.81493730985819,2.11235401051215,2.81472590915073,1.59704154225891,2.30916702370166,2.09856472614206,3.09641383317928,2.25077026907765,1.46897776906547,2.44268995753565,2.57778488451692,2.31152527903236,2.48679114785797,2.67747844692157,2.28857529865174,1.90231089206926,2.05728034815633,3.51919502951919,1.87816743541205,2.23543862399848,3.08816775676028,2.41701421524649,3.31378929420808,1.96456756408543,3.02346203698952,2.23537298505399,2.86224440498754,2.74249589143322,1.98265424100659,1.88561538241359,3.0123192051491,2.44712093163877,1.85587812379224,2.71292821688798,3.49193603541364,1.83993724221506,1.71730114037873,2.41208747644586,1.41300544228088,1.36438808354205,0.805026507157153,1.67175677138362,3.00246280974921,3.09868066754492,2.08460343765758
tf25,2.93885475186656,1.58279578569878,2.7615364790811,2.70773400239082,2.54796415822581,2.97821353771088,2.81252930444085,2.12791212429461,2.35805853790605,3.14656078523978,3.05228851284101,1.2019611414852,3.11830700564809,2.59421778171656,2.62402947187324,1.31594830813349,2.59773912978562,2.8528413883868,2.41809738205793,2.12537088631881,1.14463480815558,1.94889829368987,3.00689821158159,3.021470993069,2.86628303029886,2.62215991554957,1.75776010096423,2.94790701081154,3.58156724751026,1.4614626371396,2.69742809165652,2.6918033785362,2.59154414224882,1.98285455237574,2.40706822239984,1.67573537363098,2.34697796470774,2.14780881926085,2.03847608386473,2.66701718261382,1.7682499878795,2.2398994356004,2.28828086828816,2.5561365981996,3.34786681545571,1.90673587628175,2.19866901034607,2.4493244402316,3.16265270937414,2.84945749592174,2.12810129702811,3.54755640008507,2.2221450142961,1.99240743503224,1.73818326430247,1.89166036055327,2.46148198765981,2.05286136836442,3.07844920617394,2.08834011218144,2.17070181170011,1.25791151565941,2.22682585461089,2.40180834811439,2.648235713099,2.30582321907445,3.10442140314934,2.27560811217336,2.65252326255043,2.6804400813022,1.85859734080657,2.19533297678769,3.02438743464088,3.39531914225826,2.18452200770037,2.70213546444709,2.85542994148468,2.02660886884632,1.4399233470388,2.49118584131765,3.11229065764924,2.00069181535796,2.67055486236812
tf26,2.95515822484599,3.35829444774248,2.72589812774702,3.60795235700414,1.85185922047736,2.42497419586254,3.22422565229307,2.52853851817561,2.81163767954025,2.70360539052938,3.41560638503673,2.74807742866747,3.00592008993464,2.24552656536643,3.48577927202613,2.68862262337887,2.57165212629491,2.2076376534596,2.9512130578135,3.5370827568512,2.77058747654048,3.06083328681279,1.71333656921226,0.968507966752113,2.67866631282599,1.9827753920556,1.75616357401667,3.16542627625004,1.89387964981063,3.17350381920082,2.12385463121535,2.76940451724987,2.36445905419053,2.86346046945016,2.842825555853,1.34596240706566,2.51636780262761,2.99709240822949,2.22589711544469,2.55431405578829,3.30099095358226,1.34511340053615,2.69068104067174,3.41132344345373,2.03219647146664,2.71597584069928,3.32477354064386,3.04202080232076,3.29224185820008,2.13058374075235,2.41766570429286,2.02205602640812,2.27824446308274,2.25798876352238,3.19909014784395,2.15975731825133,2.27084872736854,3.18612996821302,2.94072271949859,2.23069641445892,2.43725165318606,3.09098826510304,2.40502796000296,3.17907060268811,2.83726338281185,3.16808784212821,3.03147417580696,2.7574372524427,3.57420462219009,2.81503107560682,3.03022320974987,2.4626948908384,2.84895573774282,2.20885711088679,2.38155900374606,3.08836452106143,3.52349538828293,2.15375475431898,2.20321056298483,2.04694016334203,2.91119328553863,2.70387159647764,2.91250970785941
tf27,1.86745539239457,1.82831239962692,2.76087305991195,2.70386907019147,3.22998433971071,2.55163415523481,1.74746673808414,3.34524389058382,1.94256401629397,3.22230694484871,2.4285619644081,4.21307630339725,2.71635901171535,4.00286604357439,2.74844600747003,3.77217114671365,1.94411893036826,3.14229767307514,1.8766077520068,2.81493070574236,2.06419693980914,2.55476562690863,2.26499151928715,2.67024500567634,2.9511690834432,2.91848460969573,4.00480923143024,1.93470643348873,1.74995474420931,3.32602814555431,2.16050102898202,4.54184531214823,2.15825069729703,4.33998774192453,3.15091890060751,2.85260742286049,2.36693104050977,3.68864283696161,3.13781005161031,3.94828148014344,3.12027809289765,2.78798843120554,3.5952013080059,3.12893835798626,2.4371918311452,2.38477812040751,2.25444237489989,2.48845621271976,1.81030377511881,3.37318568228863,2.83203407155691,1.85026262672671,3.70073114302379,3.45576305462779,3.56560888136648,2.52908531736911,3.56045515853546,3.15417263173847,2.87077316963565,4.03935785874282,2.60164699240577,3.49341402425815,2.75650326575018,4.10426806281481,2.97095812346693,3.52237939428037,2.38975590658785,3.65591087383801,2.25035811121008,2.87702246583709,3.34014045500276,3.4447784166187,1.70101359222198,2.07912515793797,4.01476859570468,1.95488010164671,2.37336181654639,3.13293817207583,4.03018541241505,2.30960935130429,2.73208726977809,2.84081496775872,3.67509166591899
tf28,1.47131331551924,2.13344453386503,2.08974581494962,2.27713701118646,2.42587855918255,2.66567140800738,1.96479214202729,1.68953979626144,2.3476668182447,2.34883425216583,1.66057081237988,2.23636475778607,2.37107208408005,1.5395130593673,2.14900682071396,1.75113965486768,2.2407751197543,3.18117096015476,2.22802808150858,1.54052319442416,1.6972836323582,2.126055557056,2.35506469197502,2.27753747505084,2.8154793895889,2.46863376588696,2.98950767349079,2.00078003611718,2.21229444430202,2.03141152058731,2.58079198831731,1.55031277316275,2.225433587976,1.53867348909151,1.7173501271952,1.95615574459547,2.18690117350722,2.12958816058473,3.05429189888077,3.01987266231359,2.46019963356457,2.10687230532839,1.85343961108545,1.77665491105178,2.69774602811781,2.573706310215,2.34349138355305,2.61290701474786,1.89418465233536,1.69514118999706,1.9207654442855,1.75446441931169,2.5412012545774,2.0045011638999,2.82340358743861,2.65646332344035,2.04538902913306,1.12688387538042,2.17648947709971,1.08487807161655,2.56636102748247,2.03702336709636,1.88135433997028,1.89562985379846,1.93133546158466,1.83587888028783,1.84558850927006,2.01101414927607,1.07948440071846,1.82152335771596,2.40062490696468,1.25343514751585,2.48814817210731,1.90839774238218,1.98204645150326,2.33688886934045,1.85528723526111,2.43569654591896,2.16220410069395,3.14483332413838,2.06376850843195,1.6270345311972,2.92978501651241
tf29,3.26414202998636,2.43331826444444,1.02815033351454,0.37227050206822,2.29447435203998,2.7258622757574,2.23170496814611,1.16453345767412,1.76896184318976,3.04157731451172,3.01540610325353,3.28654003547733,3.22583749235222,1.35350192584575,4.02396618003227,2.21354778267415,1.75090543920119,3.42138865326518,1.90558658940591,2.6943821157311,2.28531930870662,2.5893914397542,1.88182531372662,2.67002905036982,1.83655703743012,2.15783642259499,3.63334374010986,2.21104709430993,2.42888558686831,2.35755598607782,2.82053171254436,1.97310808877582,1.81253474243228,2.43377416648319,2.1238337266368,2.66713224137326,1.68325281488291,3.59314157446425,2.79849449759294,2.14323627184927,2.29109982760052,2.31391361573875,2.37351385898193,1.39814354340926,2.02488474743345,2.23075893323044,2.98044112365508,1.75895767377278,1.16477553750174,2.32661048289854,2.07210167819391,1.79035526239039,2.73869352500172,2.69509813352372,3.55050476993507,0.998360821779409,2.32997849604395,1.34876956814216,2.70612104723912,2.57879783180418,1.36656406155014,2.24639490724961,1.99559679079087,3.67362233722758,1.71400400939989,2.65163254204099,1.29191677157221,2.37633488816645,2.56810738551957,1.35221538681393,2.69511717622251,2.94053363140344,2.55853887738896,2.09534599892641,1.61260063783736,1.91639239541369,2.49495891329964,3.28290758650453,1.28250496290446,2.91214111136891,2.53727578370284,1.67992615219874,1.92063167215793
tf30,3.6954288112524,2.1158696219414,2.78961011622549,2.50871088020383,2.73125460318248,3.25356637803498,1.92075436965792,1.0175505216399,2.29715739886672,3.13303093131194,1.31656148738837,2.35781488664032,3.08224824729499,2.85010823260374,3.03890240944701,3.72816394395702,3.22038183206596,3.29091315542068,3.88416343365432,2.72545932726128,1.63757534424531,2.46248381591432,2.75678874508782,3.32900542781357,2.16988721170409,2.71592963338581,2.20596001847783,2.39213731874524,3.50960642989169,1.14525373075131,2.36170551673864,3.51932537422132,2.36154501959824,2.96591691232202,2.1319833117861,2.73833559090621,1.92896875303415,3.75901444824062,3.19449216958609,2.69284508426551,1.61603845593332,3.35059895280421,1.0217031559757,1.73769062375291,3.17549590118952,1.96845506808749,2.30586904094739,2.12133640243782,2.21515640611031,3.16180211864566,2.25482853286438,3.15854180633653,1.6861661370411,3.24020473286158,3.24553468861269,2.4908527523892,3.30010453681359,3.20842642513827,3.31979706091268,2.31111835820202,1.61439853405855,2.88102817959886,2.12428428113575,3.83987198412656,2.99090874640662,2.69739649026832,3.45541576239873,3.75002801626496,1.95140950524125,1.99512368512722,2.83734638484204,2.19056999089618,2.38203658394825,1.74086964387002,3.34040875515245,1.80739902339634,1.45207079505486,2.77323106867832,2.33589065901847,2.72690660093267,3.1307653400846,1.47408544741996,2.43801918449589
