1.051095804277048,1.224917372130437,0.4771632301464152,0.0542053317715551,1.226451919841486,1.378120861922171,0.5407950917070183,0.558499015253315,0.05959060218038441,0.9518066796210257,0.3677304019616346,1.179022270692479,0.721493413080449,1.019440226737909,1.259929574353505,0.9300646397556599,0.5118924469818696,0.08391165080447345,1.064883215271473,0.7761113328004924,-0.295675365019823,0.8590899997701119,0.2278023970870464,1.504218692710252,1.03378562005422,0.9976031950128015,1.28416911965039,1.433542393906801,0.3955476812594462,0.204819448644668,0.6403186515183487,0.8713471917829385,0.8769976333020806,0.8830158436255153,0.8346612016520146,0.3324106400509136,0.2782343212568733,1.157172084410981,0.3140271208717779,1.481878723210023,1.071676057841318,1.234585374565389,1.184591324826053,0.6014206071830451,0.1050807241455997,1.03770108067041,1.32678845688356,1.387186369214759,0.532915845093378,0.4099833172950087,0.5265260418740733,0.1671827142755839,1.061494454519738,1.175747997536871,1.011385049815403,0.363496964311792,1.271008873642865,0.7534364091837862,1.2700148471343,1.01602382887059,0.5415896570964578,0.1893352522783752,0.4770873180213231,-0.1412560407387622,0.8820812642176098,1.68433351788232,1.057882271464988,1.004689635456596,1.268508512641494,1.480505743498185,0.07403846251908101,0.8186203487210526,0.6036864217796463,0.8767590045579818,0.8878961127892573,0.8858994273271551,0.4768992307621158,0.307284265158993,0.3478927116105985,0.8312600671576805,1.455417804991254,0.4681012422068965,0.1015576365785147
2.630326936439569,2.093906816888148,2.132181521702187,1.436839196916029,0.7645847345901444,2.106419095540256,2.903672262960161,1.412104099037617,2.454163085639166,2.211573770869903,2.5010053416232,0.9986200581008253,2.002121921365458,0.8933356340694711,1.382158692821017,1.931485932583713,1.488160699478606,2.266533505015214,2.27417945521152,2.515636691692942,2.556955264316218,1.825534877573384,1.298598458376569,1.584208583133372,1.545628184935284,1.799591823462509,1.4273613075158,2.236622604857065,2.522794343045531,1.666602567077352,2.642543835883544,0.9659155821988392,1.902518991521209,1.298469878428254,2.801009247121365,1.491865186733857,2.872340133591013,1.572637850781182,3.169029476508554,1.531107902965577,2.619018313912851,2.016344725046394,2.2123741958768,1.993771725189728,1.474239560510932,2.602380412427682,0.6914675353436222,2.094809833693397,2.889548677404693,1.761035945338134,2.700961906894093,2.336728295231711,2.028681759781634,2.574272550683311,2.108702931750559,2.490086761347986,0.8877534233113868,1.94223087916998,1.376685318053005,1.869368225510605,1.460759673169926,2.183293798647582,3.008271556916386,2.398671394078412,1.795140906230397,1.669729946393934,1.532107883048663,1.798068956681933,1.936187855378542,2.214956961223863,2.132868480609145,2.662715523588153,1.878791200516677,1.855197424401735,1.291102787436398,2.723950795286089,1.395639766583122,2.842051496662631,3.157872717882637,2.002553511583427,1.706773815811625,2.539918930564345,1.853684247445019
1.201896672292657,2.527598223340334,2.121924371193792,2.353136647652902,1.510350206566655,2.575651589676735,1.960264470224023,1.842062635145447,1.965202453818919,1.809169374447403,1.025313000389997,1.578941011394344,1.618371875963704,1.897550141114897,0.8676671883629501,1.522724931083947,2.630468535369689,1.902527244406895,2.554052451744491,2.590631579089062,2.086468965806584,2.853539287520006,2.299156258386207,2.845993642085703,2.384302467994039,2.337302766282657,2.31258676865018,2.157097727046489,2.740891524416673,1.142688634679146,2.328401650474479,2.177205174383901,1.579002072166458,1.598171898391519,1.04016573431374,2.341820556609471,2.195818101054295,1.651370566789085,2.970398141769398,2.329457041695098,1.175162141914318,1.699903847525938,2.40684340503581,1.93030042982858,2.346746048699107,1.528828041865144,1.473863524112139,2.570987027305085,1.96075050664212,1.600298114276393,1.856080884804996,1.938364372335047,1.720138276127991,2.109853553524499,2.168253712652776,1.016744722076558,1.559974593353053,1.613348748050085,0.8705234707901248,1.51148582905733,2.585313772559441,1.788338858519841,2.199772683897321,1.930813532054886,2.844985798444333,2.790310393103101,2.377265775462619,2.35417905468605,2.090533187783389,2.047758034675088,1.082750972871717,2.072171569703472,2.252361600491311,1.534730405530343,1.605625918336048,1.022653204608387,2.275370342940334,2.189208097975655,2.999944482911242,2.455525700662728,2.262359119821776,2.35272837746608,1.7346538017698
0.4661223424378787,0.8832148247289136,1.670048406988788,1.311874205654292,2.866404223209191,0.8325328499400197,1.453058470249662,2.393805126359198,2.492580878822543,-0.6390619327387226,0.05365003662479687,1.799033758705877,0.1577604352231988,1.684058451719724,-0.681172270488241,1.713748535055778,2.110794294904748,1.311624705583156,1.830661453609722,1.663010701884173,1.110031852454189,0.6291196197451293,1.26311223604531,1.612395620181348,1.132330473552635,2.32400044658156,2.022456152034394,2.248494543979808,0.4759009992936939,0.9208373689482721,-0.3390215574814863,1.558398433081608,0.2772676830253144,2.208063682104269,0.3683064287023279,2.4462108870293,1.144679530198916,1.22617764291547,2.948814962974348,0.5150461319012926,0.4518931049127559,0.8567526805970002,0.7118112490755251,1.351281292880977,1.165664470827225,0.8902325778307254,2.791655895782287,0.8257623124140374,1.413937077960909,1.394192955732727,0.6938986009331365,2.363444857716542,-0.8576419726496914,1.677012425746038,2.133058411902384,0.02965756848303033,1.716408330646132,0.1062798230385412,-0.6810321023447286,1.523181921323966,1.94725566914791,1.154157443716512,0.9521646021624519,0.8801521403448076,0.6175197031737073,1.487999045889127,1.124853644778741,2.306924461936439,1.452915441060843,2.136518774865031,0.5282583825790154,-0.3161263344129963,1.276409783391808,0.1910132908875626,2.199767904272441,0.3222582632421055,2.366690873042455,1.129296737500726,2.905310555988088,1.452848100936417,0.4049183978610624,2.83532301298654,1.535543910192574
2.934067100930671,2.221850524780604,1.170128259033193,1.517997393217061,2.220331545129731,1.548693197804123,1.537359847893846,0.887976055227012,2.117004014231211,2.32561621892512,1.368241450877363,1.343722327805162,2.766377801040362,0.9927219463068502,1.784066657276181,2.427195457763061,2.92625571649107,1.551264863192333,1.838560694018363,2.793360214964012,2.393489946526961,2.214326024187363,2.567275090465491,0.6149464821397004,2.439117494212334,2.03973941437459,0.6660650660969138,3.310950336263907,3.0594039393024,2.854718093763242,2.372479335559528,1.494076786221929,3.068385199937727,2.305532390981009,2.557834217567038,1.520173028087246,1.13456435433562,1.280808039568279,3.228984905296139,1.340807828034368,2.89434746792756,2.149098349907732,2.248669198702665,0.9301540257804569,1.305173167726142,2.976055245080887,2.065280295438594,1.536374084763034,1.534828909563296,0.9136064044253828,2.159832369708857,1.977950732287129,2.098650457398345,1.746603372242404,2.1954951753272,1.348962809981924,1.106727859248317,2.786498608293206,1.792690097958075,2.255602472042546,3.016813270419182,1.249116008061409,2.613208036880893,2.018885637190721,2.246894608313629,0.6310040718136868,2.431011522332533,2.018183364209265,0.7146612709823341,3.105521058385267,2.839650872323983,2.040959906316083,1.927664181153632,3.040361098459729,2.296119593609493,2.53602612150775,1.318711884240238,1.13453613522441,3.172666893844114,2.131388839177303,1.475976535456824,2.024480333325671,1.401259517849206
1.903149653083583,0.5462186296786828,1.562968318353242,1.948987568821076,1.447725151709649,1.356108703529558,2.260153682441811,0.5114770768035,1.792781110912639,2.247764687849326,2.060645497085197,0.460046437256133,1.924448503451401,2.15442014078676,2.006776508466419,1.197881920990011,2.124255584418202,1.540779675276193,2.368661120517582,1.188170207843965,2.154971024974685,1.217702149793531,1.84380123688937,1.358423127214593,1.103990190658462,0.6604373579904513,0.8868103934684476,1.543458706366849,2.158426123077021,0.9895856748287853,1.255496857491115,1.954380338467778,3.066865009814642,1.695371318502745,3.199744935911845,1.093929112865465,1.927087199925978,2.295024277349926,0.9131328088296525,0.9924617764285315,1.910994070623184,1.721480288643723,0.7174978311408911,1.7458211619667,2.045066061996225,2.094988185640822,1.635520931963669,1.355322724995442,2.291401904562984,1.174596383970717,2.382897605944826,1.853024354031658,2.432351670941383,1.952323473156482,1.382818485302881,2.070926431675144,0.6190738227173406,1.931653860812391,1.99818604314872,1.440666158242109,2.279963391680527,1.666483715578393,1.793975706892427,2.287138631233338,1.256675569604909,1.554467205217355,1.091968987588498,0.7091694660575902,1.479928499807136,1.624696862343685,1.455725813042145,1.531524105261722,2.099007386310717,3.082255575794511,1.715861802273987,3.20309512610163,1.320395931584763,1.912227769779656,0.9766024053756805,2.109294126904391,1.233006218473824,1.202577160890287,1.138794339989777
1.249504724155391,1.149363176808736,0.4846300801787685,2.282826181201784,1.091343398419799,1.850943559743551,0.6833200816582026,1.338360497824365,1.607016197456123,1.421212054200116,0.2772548939957759,0.9637543493927512,1.260168513878881,0.9206239281670745,1.724965323117237,1.921942041997231,0.8114242752494801,1.93063526285773,1.08230469880557,0.6530972778539308,1.959142363256034,1.288272198541965,1.92431450298132,0.9590395050590494,2.342758016656181,2.175103294185505,2.449904928640758,1.03638871425439,1.865356305410463,2.505412735608351,2.268361194013438,0.8425812733927895,2.245439136236518,1.430771277330333,1.569812807408027,1.843889133214108,0.9329216913360872,1.598815210914222,1.472205010294418,1.522133213470864,1.226995655907145,1.613659177966646,1.100141987702952,0.3055225834675481,2.076560315364333,1.148323591814706,0.9343187709532801,1.850857862485403,0.6812791933210948,0.9882735530542596,1.148909652129104,1.456227842545635,1.16262684802146,1.346717705651886,1.351379948058961,0.2654133123146013,0.7610670548676839,1.253738648595511,1.717000439918304,1.822170188471393,0.8309386633424795,1.724258252212084,0.5251149453285946,1.777917510313595,1.300758783875477,0.6739935253879233,2.332547214204884,2.17756274497215,2.007497319532188,0.9166402763033965,2.291939022851176,1.903438535402392,0.7175038024990691,2.184186984782133,1.41935158434631,1.489943801409928,1.671064938131851,0.9415632805264053,1.418431978154476,1.13424234515175,1.243762082879222,1.105897982691342,1.495038221554709
0.7433614191249043,0.8056508413183939,1.418339103998623,1.910991095867294,1.400028583358623,1.708246045751203,1.534460404448193,2.612539062760756,0.731527543718607,0.7418118638734151,0.6262280341677364,1.7712757050735,1.931097117001002,1.799025260887531,0.9114182203570681,-0.09562965793558162,0.04689371739311919,2.348406677282791,1.025059736478815,1.498044753280618,1.230830800989834,0.7492171698157988,1.668447911399599,2.046981624787985,2.038041726589326,2.381591421066397,1.669007098896999,0.9422033240421134,0.6628311995264954,0.8124776178970322,2.237934106093736,2.455308486636438,1.511177579415326,0.9091372062965557,0.3150658381114806,2.734251121766198,0.660464106978136,1.683274431746126,1.34065055608821,1.361738616360185,0.7357132444982777,1.416157701407569,0.7152467417016997,1.108311215444355,1.740145875689433,1.111418236936384,1.321166958182448,1.692758214870136,1.516632215708421,1.774157378050719,0.4509008656296607,0.5370292442844633,0.4064544989800694,1.606338298265175,1.26640157652762,0.6065487048454032,1.64282818703291,1.853464040929823,0.8989926816412077,-0.317180949396535,-0.1612007428580407,2.186525888882514,0.7274351053946517,0.9496339110239375,0.6984645665067716,1.622423577913181,2.017198807379794,2.352858944186432,1.043230463187324,0.868501926850566,0.4743219921472087,1.96442104214685,1.908206024668131,1.387457813612148,0.8941044554184012,0.1951980867865747,2.640814442225933,0.6209127749214877,1.324974706515522,1.12446510112804,1.176969352047821,1.542770197796065,1.4014172014191
0.7069664197825254,0.9068667386512983,0.1412024377164094,-0.5269814582863638,0.3814524302565416,1.059794782932503,0.6348220402435617,0.9030894424532283,0.4418666010297957,1.819593212050311,0.9344167001125087,1.808254769986901,2.395449342237332,0.8386216509521022,1.844984721575563,0.5759798536203113,-0.4947610320197866,1.016394539728553,0.1895657613431039,1.236943213683133,1.136535055374457,0.5520131024713523,0.4685961946034539,0.0946592562646541,0.9554412348674967,0.8237309305545569,1.233170156294916,0.6969679555675694,0.4055180525318067,0.6310870667399782,1.514090257351848,1.422838105635234,0.6779711184572329,0.8389672566918069,1.52145714524875,0.7642971588840334,0.4707529432093742,0.964723959769379,1.201523966202101,1.839862214184089,0.7019301787558341,1.083118468531088,0.9544720857115456,-0.06673181125300783,-0.6075344975096271,1.076128745735558,0.2986947273716729,1.047094735858427,0.6006196137868735,0.9359833646866614,1.603659947306743,0.318997941091979,1.572372659362287,1.201972982207471,0.5240554410483074,0.922374649375748,1.667238156204844,2.334340573235284,1.840950580988573,0.3897996533008177,-0.603524931636486,0.8751096055251717,1.226715652411122,0.9434077224271094,0.5001363796534433,0.02707479529030896,0.9411338408292096,0.7863677797349606,1.248697737331328,0.6463846189459004,0.7439312478380086,1.348656982368077,1.681056109215236,0.5877908117165183,0.8179353708565235,1.428707124480403,0.6852605710423556,0.4347349555606378,1.16166338042733,0.6166274712773031,1.952009810711607,0.3099137687574908,0.6904193357089701
0.07832206133704681,1.207456739183062,0.3686475719201602,1.260752032464548,1.293051951112161,0.6253696265664163,1.548294423773412,1.178390371850973,1.976786134680498,1.068991237362303,1.362911929015687,1.658948294668797,1.366053808261479,1.278544132432754,0.7524062720866415,0.6660057308431998,0.8232560376492996,1.804490340277668,1.010905343813993,0.5685488013373711,1.233535318114648,0.7977982697705854,1.483991634471444,0.9912575839291082,1.554101256394522,1.407141214200774,1.730593709282072,0.7012305793582498,0.4886983212691376,0.4496517452859691,1.459779551270681,-0.6346379403491568,0.7739804981697804,0.8019866231625552,0.2673786133145062,2.214118552046549,0.9621329627050867,0.5214806970696723,1.506494397034921,1.722645803616234,0.09421030158367141,1.626561654114012,1.126579144455478,0.2682989959529831,1.236461719098695,0.8913116724039216,1.330819663395052,0.6198191548473191,1.539200371616431,0.939320337863698,1.161414786954941,1.937705463331685,1.024955314812002,1.778071873280639,1.397277625467575,1.35338803785354,1.698521688987275,1.357885314883946,0.753243959241613,0.6724163022144065,0.6798502302050176,1.856830875190376,0.5841145192650116,1.205674221077838,0.7615313255457964,0.8912960116807226,1.547250035028605,1.401804225739658,1.549962497692378,0.7044265853476992,0.38166876779256,1.322276643411558,-0.3862377670222029,0.6695738361648899,0.8073721896096637,0.2343602248974998,2.371902619983879,0.9371694171838935,1.52560832707677,0.6613806736616105,1.452774540671051,1.320246872208267,1.378601392379459
0.7914141792509125,1.840379384152204,0.4207955041856551,-0.6026658050936945,1.746740785628175,-0.3662681498594135,0.4414813479145359,1.472129496421887,-0.2518025505426457,2.329372663326815,1.206938016123378,1.921084070020035,0.8586296099568741,2.013238668258602,0.345656759267136,1.382821542678072,1.170839357812149,0.8738536899588846,-0.1398147928522545,0.669899122695785,-0.1752789323507765,0.791434903580381,1.142651691608631,2.31224674188707,0.2028580024465456,1.494333746442414,1.983035050819126,0.5062449240201348,0.6228217371932772,0.6909804102504968,0.9287753194367402,1.639605537357544,-0.003016033626462395,2.137370524658931,0.2151830985581036,0.5223532970305562,0.2205284539081353,1.100877397587701,1.116317233415154,1.880883209139764,0.7465399375113827,0.6704854531019959,1.61719891115592,0.1245060408364611,-0.8081320587868509,0.6256670191489306,1.587796971487764,-0.3762894469868436,0.4116349585949532,0.7856168768434345,1.232773241735662,-0.4066202377046996,2.10198583319495,-0.1399573737997918,0.4356162379095757,1.202058627194449,1.720555525448133,0.8523698451322158,0.3337816420341637,1.183955755253531,1.088483975413468,0.5797512686721357,-0.381437402739378,-0.4563185685432569,0.7327344360886334,2.032747483203677,0.1742498599312321,1.465457131105842,1.180907190319862,0.3258298960054306,0.2043306893704296,0.5102386185367139,0.9529787393734928,-0.07211644349044814,2.132170261051742,0.151092731050602,0.3541407282241141,0.1961977419314065,1.071514437731084,-0.1441925419600892,1.926171673861321,0.1800465281758793,0.4456592879617323
3.137897827690624,3.182279325744009,2.71885235488175,2.029633257960146,1.567337014515244,2.284214920752693,2.426364221689281,2.601365338090738,2.284822804725385,2.892899359745773,3.306074183731162,1.196557382419718,2.723217266976091,1.201072320587912,2.616685625483121,1.419066968708934,2.617838239407494,1.760539565177294,2.428712890669463,1.464474271378517,2.67858600098589,3.523931890099764,2.428999685206483,1.429977275451317,2.614341706649432,2.4353307174292,1.410613865850923,2.964273589021924,3.496881872374798,2.386460220501148,1.640783686105912,1.881283374956875,3.688795993373271,1.005075542177506,3.356088813170268,1.47815330802042,3.32073719278377,1.115300795329485,3.18708142464882,1.681337966110856,3.177161021037433,2.808369226739888,3.393013065690086,2.996483983259675,2.216127779309814,3.126395649997186,1.790987009287641,2.287835683040139,2.46074708254216,3.408036773448067,3.17798080675384,2.375223990319467,3.157644340673909,2.168282288285783,2.197123127079316,3.324522955576289,1.385628364432266,2.786314260514374,2.60955731491277,1.684662074516141,2.832118323938092,1.92116503396186,2.147777673107333,2.898156640318211,3.604900943177928,1.712039808827781,2.610370654751249,2.472777697002075,2.363075879135337,3.042797144398525,3.016355386057389,1.810009877501895,2.713454227132043,3.803490864822787,1.019519825250004,3.464685628872866,1.744363729490497,3.343554298551956,3.28177503207191,2.820422460833711,1.83335945419103,2.896498853182617,2.575640903118793
1.489815758812285,3.08063946596068,2.062170143443081,2.886743914276718,1.819622531401026,2.048510847418526,3.781996423993057,2.970653365773831,2.567156451309851,1.555744500034974,1.845973376379504,2.292278034987608,3.132614130187653,1.204267323515936,1.313157048299519,2.678066056897093,1.785605885035621,1.825856174670852,2.058504058180012,2.672651795596233,1.906575952360713,2.179531674102787,2.500554971921946,1.15392472756832,3.127231513441611,3.228559070427037,2.052972543116549,1.615534751175659,2.10360527501071,3.252661891849478,2.516811987882233,2.1587029235428,2.694167601928375,1.636169296689006,2.060203135814836,1.41630109355685,3.038382408852102,1.605003079121341,3.04066955164515,2.311835138141494,1.475369444224932,2.335122321406871,3.055239125858043,1.935378183705332,2.775397675177884,3.048508266630033,1.701534590215788,2.036286871097763,3.788121335595131,2.551962162824394,2.152243302863113,2.421598924328078,1.371732561861414,2.40096829688355,2.507478708329883,1.844001662534108,2.152338416254351,3.105893920242934,1.315388259436713,2.560851014013558,1.786424768283305,1.673581147278038,2.39235891459702,1.768162006858135,2.164295845539916,1.111211700674188,3.121132073276359,3.227207057926052,1.810137180334189,1.578004522141589,3.001152179648956,2.394482447820061,2.282368339589137,2.671652279922848,1.633849401125287,2.021076172790413,1.295079165238676,3.040058375702446,3.020013204463953,2.914169566536738,2.432835551897412,3.192869803988304,3.235755276321093
1.806742874472328,0.2822046784479647,1.644117041979805,0.8123975138759363,1.330453607654487,1.473059737634191,1.22094747612534,1.134475732928742,1.597578187371027,2.122795163050783,1.852919412388506,1.396392302587406,1.605505199244276,1.764354851456295,1.347763057653417,0.6764536823550842,1.718817448377702,0.7155310643263876,1.516284614379695,1.451037414967938,0.4652229687471144,0.7280702301628873,1.463672976753499,2.340951986918861,1.393076090589286,2.080059650231493,2.251814371187123,1.941956982778932,1.807216291122598,1.009181305684134,1.888393189135445,2.074651651038995,1.050537310079516,0.9551263868729124,1.45360280032307,0.9377023632552941,0.7429081650356146,1.981057544782299,1.082894668698811,1.441863870003445,1.773450968558045,1.233636364616107,0.2471321212989466,1.502002218052775,0.7791287462618753,1.488866978388537,1.301573229707186,1.469714612917677,1.200203019660431,0.8918912527640446,0.9132400627502095,1.523068727360267,1.998030269071711,1.169405711816434,1.580020621465808,1.84161071115504,1.382677785904053,1.571746568319127,1.344814376690377,0.6642746168310701,1.670883993368227,0.6576007200691032,1.059767696370336,0.332276263559016,0.6989642910539177,2.278603269514995,1.387183443626926,2.092517694343688,2.117676587939145,1.85739097518551,0.9027346204528898,1.820504244490746,1.550214850974132,1.01560166396901,0.9518942792295264,1.394863174839315,0.9088113421864815,0.7263409628109684,1.095613892672482,1.005338342455563,1.657860748115819,0.9407995148343608,1.219833480843712
1.818575135021161,1.591968819308446,1.2543391200391,1.472220837286594,0.9540475577941049,1.43827660932129,1.591275275763058,1.225903551265275,1.099171161487622,0.7915376704375264,0.9813576882695698,1.123170438758108,1.393487605155641,1.215847316023012,1.648314217948683,1.568058428232792,1.213676323989272,1.929892832025303,1.302395929349989,1.711119013662009,1.096339516738078,0.9067188605121134,1.95256364222098,0.738087404860577,0.9835361114005219,0.8675466290757138,0.5089469518823662,0.05588820553803455,1.700022877760037,0.881419229995174,1.803112270834135,1.852852208995048,0.1811879058305841,1.195435126004376,0.6639206934698288,1.428382972248357,0.6094220141217179,1.593410759562984,1.088759998505775,1.02079915648234,1.790004400067051,0.6506322485984859,1.555521227306507,0.9564192930237204,1.34038242311534,1.059903255189125,0.8212880000828864,1.42919432428653,1.58446588102092,0.926583251423898,0.8625485472236702,0.9405470227859168,0.5781986373116544,1.037070068142369,0.6044309827130774,0.975338095918271,0.9383336746973021,1.351533875459908,1.635275598610028,1.45424486511973,1.160633496822115,1.682132370946157,1.287737113386249,0.8370560856913127,0.8873924707341729,0.5592773477314223,0.9537840677297775,0.8592385663339692,0.2597438104758123,-0.05187942571117246,0.7618210344791703,1.484853917941313,2.277114534657162,0.1640326791352909,1.197312037241826,0.6220792083537745,1.255159054371279,0.5951418663178576,1.099122488255894,1.608409072065928,1.026787396534156,0.5534306223904938,0.6728471697646093
2.016650856737505,1.54062862200835,2.571062743076174,2.943099636606203,1.815789195868876,1.969937699910211,3.074005748128542,2.297874219979964,2.37944912573541,2.265541172954011,2.253654134917147,1.680157818694877,2.032385334230014,1.866085112812724,2.127245825458031,1.446076893095607,1.150382246565479,2.420702005771894,2.398201184906901,2.606394431824078,1.505162126274634,1.95811179655727,1.565744807060276,1.883765659707344,1.797021583218295,1.152890316717118,0.2815716450352782,1.831462699231182,2.720656769850258,1.551649453626096,2.068681645133381,3.13689548497349,1.053168113778278,2.029570882010712,3.055446706299086,1.151083679829162,2.800191877143663,1.75426729372604,2.847741332676452,2.233025570271586,2.013052048001496,1.912987203562346,1.620169687390791,2.466118807729831,3.007018381328441,1.839675391961397,1.84040630920748,1.966763497179936,3.075637168915839,2.440872610582506,2.473487836840334,2.403459533320704,2.225260549760784,2.976391010710941,2.183093795918885,2.253348138630224,1.64388786534518,2.009298517864216,2.134102562517565,1.476273595599551,1.116691565531417,2.408660521629816,2.857101333100198,1.469121901730139,1.962976282101717,2.083306588103633,1.80080603311847,1.148493469967952,0.7758107883960456,1.844440239694299,1.796294076590556,2.146703006384885,3.608679933611712,1.116633560190879,2.030540688497684,3.074688382955623,1.1651645800888,2.804717078350729,2.875941936991059,2.693117635143181,2.497161188850837,2.559166454291514,2.223188708929103
0.3261664429622533,1.003095228045417,1.397396764631588,1.01429673601092,1.55860051187542,2.374159766093261,1.536747911217865,0.5481837592146701,2.477694591398834,0.3601288399515139,1.006110098313426,1.150670427227762,1.776819300166547,0.814915287323409,2.225238868948979,1.213723924320888,2.530207752638168,1.609208044115161,2.140815637981833,0.7811599274800283,1.971044006084002,1.582359893848973,1.363118748287364,-0.08530951696531554,1.118407066496717,1.552254030581484,2.033476175503059,1.926771916853088,1.091907734924304,0.4720322059859602,-0.03977626835556537,1.339782008712534,-0.2134988698116921,0.8727772205012518,0.2299494160412659,1.02900756444428,1.050965484071125,0.7822989397928766,1.954352260228665,1.573368438713663,0.3491626306487182,1.032914310713532,1.015580804573789,1.414609109123718,1.139969377156518,0.7990441666137121,1.687775299967847,2.378169459276169,1.512913721053656,1.050682608282984,1.757100239484603,2.558969636257864,0.5176620230264013,1.732344579119957,1.691082221203533,1.007808593481974,1.329562321963363,1.784398852555567,2.23115021132064,1.358732574807443,2.586273094331928,1.682159791068853,1.105666353631037,2.018577821323781,1.581246130637559,0.1978776271306694,1.111772975019212,1.575789853469084,2.550086783730821,1.866627205604627,0.9972933712096527,-0.001457357297212969,2.030969977774612,-0.1912764954608254,0.8888911802492985,0.3200808395657981,1.228606709045647,1.054715775503448,2.061063500902445,2.155209304600405,1.414594412588289,1.821976429861972,1.343708492074383
1.951605505823413,3.71596397324196,1.952060853741746,1.12341267529077,1.084365371505397,1.744633863591451,3.231390267524853,1.977265244526875,1.918040765434063,3.179237208483717,2.492186559111817,2.988024306339406,3.149175329409502,1.631651322573762,2.851259130098436,2.248376364834598,1.976362214704923,1.678809742058124,2.178678277755686,3.509498560013922,3.852120877986272,3.244896433003662,1.244373837675803,0.5795734283746682,2.186214721858391,1.040095840285356,2.108968492671015,2.200207608633069,1.15274041298591,1.461698631106083,2.899100738794141,2.226098681638326,1.861923020226986,1.641660932569321,2.314267439624833,1.443660693729328,1.644708520030506,1.770290318829949,3.299137687446847,2.530732125256603,1.93616178940054,2.593228840312237,3.817218375950488,1.691963863351317,1.03984398936037,2.358460186307262,1.04649497362225,1.725386608535736,3.217927033624658,2.313136853515799,3.514808327221835,1.782381598280603,2.972770840878072,2.58833665451976,2.258846976596137,2.476531942558763,2.881384928763978,3.090350200369234,2.852211857402333,2.156828380029379,1.945111747601196,1.455685642042785,3.7980739930948,3.553283192263623,3.195385317565608,0.6989226034853189,2.156729413308473,1.037394252385028,2.495560897772653,2.043406594836866,1.727447016419698,2.771646687224829,3.528575519592398,1.771773576195644,1.643436875538714,2.235617900759991,1.337723046362163,1.601972281818311,3.316162332211554,2.425355531365364,2.909623974975982,2.651856019709722,1.402228873038673
0.7911541898121871,0.09211602824506293,-0.1050053823990537,-0.6512325338298366,1.275731444297814,1.903996953340608,0.6844020908036972,0.8073888619566381,0.9793868354438127,1.680462442301503,0.7083412358871207,1.78810145283662,1.841658505588936,1.048288727957611,1.380050269979355,1.110594173573513,0.6523115741645401,0.8701098723548886,0.5384180433944646,2.318706996368294,0.09277818439253094,0.7080777837478833,1.521981855337884,1.604447873948818,0.7204771573617245,1.651128153421395,1.68532969230621,0.158021912768342,0.8387884244946774,0.7458441595152832,1.218384372165909,1.15721428628739,0.9501742714578125,0.1002121611899246,-0.2378589982815531,2.565560623948581,0.8737349415860606,2.297746995307525,0.5097931227667771,1.878435559651591,0.7621065425408162,1.236034747646311,0.0009897494119407435,-0.180522321268932,-0.6896581969761199,0.3473072078671089,1.246832629704941,1.895218496207976,0.6521417976539802,0.3916443161875709,0.7081278249593363,0.9373576008948149,1.535158460593987,0.8660013646065188,0.9858277380588337,0.6980775427328066,1.815255079660433,1.801728395925292,1.38832635829132,1.07011709831066,0.5906748203224436,0.8910886718006489,1.59258031093056,-0.007547039656935817,0.6615922231758453,1.588600966563684,0.7217150579213634,1.654720963063678,1.142250039179058,0.1261912937707917,0.3683114398342235,1.105953096050815,1.031349885125834,0.8663627392512475,0.1053627545905778,-0.2587148325067445,2.578206294551363,0.8443058293870092,0.5385301357953576,0.7233828188314689,1.966174091324804,0.1800128468387668,0.6581211386958576
1.774906408462765,0.9883175580030618,1.132352374669766,1.466561232850665,0.1810478494684927,1.68403245153557,0.7121714294436564,0.9051967904726204,1.548413922956127,1.765838192045488,0.4018749835219945,0.396061797096136,0.979756583615938,0.8647206531599954,1.422724026477039,1.299814194515367,1.620917726135,0.9602131092323192,2.02868032009356,1.73111179333687,2.16473419179647,1.466201264730159,0.4919442386658207,1.46793624561754,0.6442094208550692,0.2714840668501457,0.5485701381565979,2.691066733773127,1.567844509982082,1.396384810572211,1.21973563015491,1.22198906998558,2.351675061063923,1.075785348415952,2.093235894142853,0.3623532640692433,2.181558344523002,1.849029571052655,-0.2932966620970583,1.004961238014745,1.776004643888814,1.778771474523312,1.16326470899533,1.375158982378762,1.561414657241813,1.345563069205486,0.3569407743920303,1.696715306312446,0.7094199798546514,1.520011593463774,1.084558395267601,1.732281396566127,1.94529771966401,1.212726620606131,1.862613435050595,0.4160113726702694,0.582330910685385,0.9917577784407996,1.429551602691134,1.603852448119071,1.859580892890488,1.079061607831013,2.221057168167769,2.447623849815452,1.510950287071508,1.933310035351737,0.6522285277657243,0.3345129037536153,1.012150948204463,2.712113065850378,1.569664551723682,1.648388876428553,1.281965876515008,2.420969762549536,1.099574096142222,2.186759621662174,0.5638585659686731,2.183450952497748,-0.1839830213761739,1.691405620544555,1.41129425867678,1.053848321475017,1.398951165484965
2.42333041540774,1.945586839034111,0.9490709997981295,0.6491333090112797,1.58546778937641,2.099751215617315,0.6385170910802499,0.7159372989913119,2.347492137599241,2.116967765671161,2.428509941583132,1.084551868540796,1.097839238440712,0.9728928810766866,2.60246467018859,1.017973210860072,1.860236115283161,1.490803684354369,1.73131829795794,1.120983568720691,2.134990229746133,0.4566643880184135,1.883232778690468,1.216531355195106,1.056925578865954,2.26597585730951,1.519039108216987,1.623958736756728,2.170591129943169,1.134935680927642,1.585947902706443,0.5590143032528121,1.66099041186817,1.108495142220663,1.180371190420509,1.133963331309356,1.273919261993556,1.880597219088524,1.179912043044758,1.697476793574488,2.423391996376677,0.9553278580488597,1.98055205565197,1.054502811050598,0.6894573116197241,1.35476418532454,1.671855449845788,2.104169000027009,0.6387646394659877,1.066635233733017,2.137770974913785,2.412105657282506,2.240918245187014,1.998914016874622,2.043580378771155,2.440186963366307,1.166813629701149,1.129152257341882,2.604858150631098,1.196381083179862,1.949880458173078,1.533569612641564,1.303936021231113,2.244554414407527,0.4729457363086277,1.299695503970879,1.051032729772999,2.291620220647427,1.96211868081824,1.605279505810399,1.416372352310109,1.599124294174356,1.098285009111751,1.684955816978442,1.129340842275396,1.260461748717546,1.320816150304053,1.279787965787972,1.267423020958556,1.707542045643908,1.533169275305895,1.160961067867626,1.358659343939962
1.344946782741161,1.236864135855237,1.108498970883292,1.312693394226596,0.2216732917261455,0.02751595513828642,2.205314251236811,0.9240946950044104,-0.4857505161502229,1.847393713257959,2.951519158448995,1.483096347117703,-0.2837671215935247,0.9553842076464489,1.600102511409445,0.6234539336871627,-0.001127618681266096,0.9156543205265004,1.095659815980532,-0.009195325415017219,1.155509843110153,0.387938166507237,-0.9098967856208549,1.276133372516277,1.041856024562095,0.7639851092656791,1.687768362212352,1.717577292926512,-0.3727271106432446,1.440997952694582,1.134746915838894,1.148830584050028,1.178352910640086,-0.3862857464428835,2.204422257398878,-0.1565216272627943,1.44765178452332,0.8425254071695962,0.5478970665293161,2.545458017199715,1.365918083174669,1.932437620918694,1.296511009129671,1.506960975239405,1.406436607307315,1.246109652792927,0.4078667384792218,0.03813417453241597,2.235782817865782,1.359024178573559,2.316884187672189,-0.2761924311627184,2.156753874023666,2.150521803593969,1.860868323996013,2.965956056500264,1.659848966812327,-0.2204409561497123,1.617178979204395,0.9065182045454696,0.2053614635014194,1.160715679895981,0.6761190602636979,1.434426301950378,0.4203788384694671,1.592492858772252,1.067808322606447,0.8030550163741381,2.214782046195454,1.794949283061727,1.635025810327176,1.396672568367688,1.552296691620475,1.309453851398861,-0.3655183686005303,2.311231828033586,0.05565690804622436,1.506360264818208,0.6474492006551547,0.6477358007093623,2.625120961690441,1.713442538722386,0.8935957829827024
0.8946657366114,1.44728410682658,2.100946855791145,2.121064953178371,2.226093236423518,0.525804658788992,0.8199325620018894,2.034424041393167,1.726596628713678,1.363232393200644,1.548145880006941,1.187711132230804,1.004000095729512,1.779283622001929,0.5143052494393454,1.046629247305885,0.238432030155328,1.007373864053895,1.114223400540173,-0.583824532034475,0.9964546014293297,0.07029243398292284,0.8943014348155337,1.420373232904417,1.385534179777005,1.935463109580007,1.953003499543852,1.409078709764913,0.6448793469847206,1.215408342403901,0.9651339718726349,1.384696191266278,2.234952188433215,1.35018013485085,2.236044162936215,0.8540974979614341,1.618259012326244,1.119831422148993,0.8602572788065742,1.706875825002976,0.9130909484074978,1.281729312721137,1.461297577005476,2.089181310801373,2.025202126296691,1.667929472222142,2.303130429642158,0.524502798004213,0.837069793727397,1.75685246041242,1.076482355123864,1.641105442356388,1.342413147543659,1.373647605188784,1.172165051326731,1.553642314480617,1.162541137897987,0.9937491160585417,0.496748113823841,1.072754092347488,0.2045008911638958,0.9844157286186462,-0.565796718315043,1.114201167800027,0.08914919337434801,1.242245003659149,1.370555402623088,1.940671699252957,1.865546749134309,1.479407805638173,1.184270156514683,1.19556304016408,0.60554805784543,2.191035300462473,1.34268724252502,2.156568992684374,0.9884640194175793,1.61258040607328,0.8369514603071192,1.169989932895762,1.514806522361911,1.312948835678622,1.825536613465796
1.640405491448006,0.772622804595553,1.186458624648856,1.999962400116988,1.23727316381819,1.07113631007534,0.6191963382668337,1.242989964832885,1.487389848661875,1.168334204899786,0.5754836897227092,2.014849876512442,0.7561894364300321,1.778012991611179,1.592457740743479,1.537524804865857,1.862972044263349,2.009565154495105,1.64568074034397,2.008189777806783,1.415164419039399,1.598257720934779,1.74316543417078,1.20837829289329,1.90536014916452,2.127884050057867,1.223225940930723,1.107198763679445,1.096902809269888,1.21294782002103,1.435310435539627,0.8047489628455309,1.465210393365914,2.283574120314756,0.512699571772814,2.144084761035539,0.747479130245134,2.120464420807207,1.636310910447532,1.008777387678248,1.619421004606953,1.662645704579765,0.728175112776475,1.079027275810775,1.886789914774166,0.805508778056977,1.206558526574166,1.069054058115852,0.6033810468483786,0.9010204357455882,1.127251892635635,1.431193624066525,1.017899550236805,1.522850310909234,2.050075474160126,0.5700337133563843,1.944230583374529,0.7523718027888067,1.595908542370571,1.494623369981728,1.85511402144231,1.962532235759106,1.675708023747943,1.26119829899482,1.583280178963989,1.262309164822276,1.909872586419296,2.114353713207945,0.9010237238003722,1.028325887592086,0.8960745038752115,1.369980274996337,0.9328434461338461,1.39286196261484,2.279688609841187,0.4918102111425526,2.174908493371839,0.7378834118945936,1.626125887913358,1.577790005384215,1.179652374623609,1.676021187634828,1.343098612531245
1.744418403468885,1.201476836238274,1.292432467779305,1.119294458799084,1.408871638920666,1.934490742079001,1.782235949177963,1.807559717885888,1.268974985022829,0.9477960499590186,1.289287243469163,1.98009861881242,1.206374866112164,1.956358901835889,2.093765165741484,1.27845071107532,0.7229767824664904,2.105533048569957,1.81902826446628,1.139748747986934,0.2456061445475735,0.8202015102877935,1.575951813108797,1.857263006754233,1.659851126475506,3.012452090335077,2.376833041365761,0.4816871187448013,1.419909687106939,1.24433382219448,0.6448216662891197,2.099636048615036,0.9752251246238031,1.627429516356004,2.030349368384377,1.719672530910315,1.563739142630144,2.345737607529001,1.832431822134764,1.68907349937451,1.75496279015665,1.373936187066876,1.14833727835619,1.301458364750747,1.168850518563709,1.39076588370121,1.433930271641603,1.93771612221781,1.758396533671381,1.424091339110846,1.85174183212704,1.246763639527595,0.9099594382577312,2.261337044993203,1.535566216292196,1.292675680170405,1.988233098716029,1.18561209551709,2.089028221170962,1.263707325483885,0.6798518397686737,2.185264442955683,0.8794152017018138,0.3057785035888461,0.8114751904292934,1.850967003753211,1.670956679163482,3.002720859121165,2.234184426848256,0.5691334055512447,1.223407836827414,0.7057571162933938,2.085386981231784,0.9612244011722556,1.618847293919492,2.01695695876013,1.813632462061148,1.583011504446745,1.829114886406752,1.831846104210293,1.630299544342703,1.637044793671317,1.564390716423349
1.188304095023734,1.357736779689426,0.6937936086267036,1.502213448472624,0.647978832894849,1.61803012875452,2.229074960426411,0.9166687007525534,1.580992176827763,1.453157428206374,2.269642423807738,0.5358008724075443,1.627577344587267,1.531438734800966,1.799090192057828,0.7732383446615066,1.721758272061716,0.02969636162227607,1.488981843136088,0.8993172910967093,1.381915503854011,1.80666558148425,1.831567735668466,0.8794504092879147,1.691424259532491,0.2472607787114411,1.822762032255611,1.514028782404908,2.119056169839877,0.9971712077616459,1.490154100471983,0.2069193267791591,1.255490506054085,2.235079446042054,2.194331102623998,0.36926095404288,0.7229578230612677,1.642049709295695,0.8125406010425844,0.8580834534420048,1.219907073985925,1.583897407153717,1.444158407646257,0.9986233284940647,1.689172786395871,1.653175997097508,0.7942591380192151,1.632645580598703,2.258533391071503,1.368822068347215,1.498141894860938,1.759378120033384,1.773499551395251,1.767786638517456,1.522187765861713,2.281008612341245,0.7670287239925239,1.700926272717081,1.801711790738424,1.06667106154041,1.872664288345448,0.2529674296904674,1.387170308008331,1.651898062924294,1.872265335436333,1.105610557193165,1.705605494257414,0.2991110272981472,2.311803611817866,1.592280315333997,1.121855546834818,1.60699169140488,0.4929894343795223,1.300494956126818,2.253038828515809,2.291045021799098,0.6518971726544172,0.7520790662631067,0.8771410992320874,1.423479577953304,1.010445432408748,0.9937388465973072,1.004623926472691
1.104497898064652,0.2839691790546746,2.060719250829638,2.371776490668875,1.713762850023409,2.713772370483616,1.676164691887998,0.3479860403413439,1.504409733347759,1.384013214021342,1.603698022661257,0.7901587081256736,1.869917083315191,1.676147518241286,2.259159601344433,1.768931928737627,2.814987357208104,3.053358793361539,2.25785978725754,0.8515421045060376,1.693026721799224,2.346248022164352,2.300707190811973,1.292771541299269,2.299327942154496,1.77108462415514,1.552892895706027,1.479162639632864,2.01532200297617,0.5888351106210596,1.681494618485098,0.7188386483126181,1.600882466752549,2.00893325118417,0.1839453789489829,1.88837594196906,1.3993203591535,1.488874984801444,2.101104644694328,1.642847070556011,1.131890686862699,2.035372249876178,0.3251528977096163,2.160378453729713,2.485298982301726,1.382862646862981,1.828791734007778,2.713356415524058,1.683856782607779,0.8601636997917811,1.685170076444533,1.526958415291113,1.479157817620357,1.737528111252489,1.5193129835271,1.600428349349688,0.9019732392537982,1.900208504811066,2.251798926662487,1.91624801550962,2.874386199986576,3.190633671634491,1.070304472273696,1.658048401518824,2.340912791238421,1.464649186796384,2.294185366923677,1.77921051389368,1.927689506398378,1.476445394626432,1.054786249789939,1.587605956257037,0.9888124402309508,1.556203394606083,2.021381772466548,0.214519919666559,2.112372360099907,1.385353096590556,2.181292079197743,2.072009785605218,1.466555872475689,1.681803380800896,1.357944185267458
0.323692746090784,1.467203813676702,2.041963104734396,2.741594615504169,1.084637704526221,0.5773309986939688,2.047452950323914,0.8373083467499417,0.7111723468926154,1.794836480907126,1.62677538303903,1.278401279772853,1.632276724323039,1.736053617472697,0.9845894346651953,1.904920894692693,1.166393302809563,2.204781393010178,1.484284603699431,0.4797515449274913,1.336151494966529,1.120400106610452,0.7931534975048634,1.156600571740708,2.063122842404767,1.128884826689828,1.489908307904853,1.831365132019973,0.7880136003618555,2.2405832508917,1.762996040793516,1.49147236025474,1.513125169893203,1.433871502495426,2.692456075629732,0.3146893732098217,1.533615204407849,0.6444096422322292,1.164747374469127,2.269391359935354,0.3200081719228193,2.015170970369984,1.479011480475949,2.032586353677643,2.659420952848345,1.852847937100899,1.077158845945195,0.5741243888899644,2.057523350279352,0.9359061634542895,1.562540525394004,0.6675280711283885,1.762199874639057,1.429284483612906,1.120320429026548,1.630032234260731,1.216511339306407,1.641365767821159,0.9817548292780092,1.939076060478429,1.222370706846228,2.166027869429276,0.6841395341632857,1.322265958654029,1.109012867356339,1.194115394589419,2.059556990581407,1.125609841842802,1.419610015527836,1.819274893833507,2.296506754549711,1.695570005282079,0.9846684461384033,1.501813312794399,1.428369317698962,2.628607780029884,0.334959973852701,1.542178566616704,1.149833886558712,1.29550678042369,2.247962579744158,1.366402942260307,1.746335617087395
1.884616543622878,2.63798758644722,3.155570705866388,2.292689137582903,3.718222159848097,2.313980472537909,1.996380973232851,2.72295315772085,2.45870613372384,2.348711276169581,2.991298774105513,3.564931045293621,2.695642069600887,2.578564161745616,2.739963271705314,2.396364416072255,2.92904166232922,2.45111483649407,2.281231886536589,4.059837253485302,3.102247201858579,3.592221952856812,2.712489192564476,2.539962261154726,3.616661193004687,3.592672049779577,3.995145471082649,3.507537156419264,2.887507663591156,3.263453023856261,4.204884374013463,3.22663909773696,2.42730002188289,2.689267867182229,3.111206547007531,2.400756224728016,2.922509404856936,3.345497405031993,2.82347270495901,3.17948143842335,1.81889025905117,2.348442355958314,2.445357317521882,2.78697198474116,2.112076100535908,2.901217432830071,3.583780688110954,2.29157776051173,1.982632766803407,2.190988452206325,2.660827942861528,2.228299414322206,1.990603839017331,3.260699861013378,2.930719531453744,2.971328587110386,3.289903848822286,2.59570883463294,2.742477013034286,2.209269726756673,2.747570044744368,2.111480349906708,3.514967311107554,2.763943628782626,3.523908195688835,2.286319198296174,3.598606423595844,3.564618955267869,3.376113127575558,3.369756548743886,2.877835674009212,3.940880091228506,3.05505964724973,2.320451929943716,2.666726420101519,2.981143657956784,2.194132320178468,2.857827551733548,2.76683228940621,3.242488144046646,3.159589865631964,3.03819948371692,2.456632635232765
0.6649491704983136,1.68560988710008,1.414907447485766,0.04713275985830345,2.037257144581879,1.943368078811286,2.07465374853624,2.044709331545913,1.587467142576614,1.231519920114871,1.463527703892523,1.342317929230179,1.868108208227937,0.9983967897354209,0.8408871507166317,0.4777585297433408,1.583318371557197,1.933922614573514,0.9918264252493079,2.136321426927699,1.025767651449357,1.68586123269282,2.064353626016777,1.489093046413464,1.784814478646775,0.7303591451246588,1.210288542544513,0.7075312073698999,1.704377018255894,0.9116611045132698,1.481544747205469,1.422842870222789,1.442664532555212,1.159519785421806,0.3297253842513627,1.473449963503533,1.294637087834986,1.160182446966154,1.834822825703312,1.27091792408849,0.6858503554430158,1.298146047170348,1.679838826435192,1.325757433882775,0.1332286939417087,1.50746203519525,2.120237438411067,1.930222663677839,2.070536786249032,1.900087560402978,1.215434849301902,1.53069980381557,1.210476648604468,1.54327737964717,0.8941675249515421,1.446047198791327,1.393282426521436,1.826873468280859,0.8356219927940595,0.4889107684971808,1.44533443496823,1.905087271439649,1.922769455688214,0.9355091067320246,1.665403824449678,1.367142976448334,1.768040055624376,0.7334254210195561,1.313975558277851,0.7248055365873001,1.049184166793836,1.311521535207782,1.600140651997974,1.37161555611264,1.177489584403572,0.3362752927805773,1.562116146034464,1.246190321539104,1.898376929975755,1.422922864211561,1.07066384261042,1.669812345589816,1.314375037535025
